{"type":"minecraft:chest","pools":[{"rolls":{"min":2,"max":3},"bonus_rolls":{"min":0,"max":1},"entries":[{"type":"minecraft:item","name":"minecraft:feather","weight":6,"functions":[{"function":"minecraft:set_count","count":{"min":2,"max":4}}]},{"type":"minecraft:item","name":"minecraft:spruce_sapling","weight":4,"functions":[{"function":"minecraft:set_count","count":{"min":1,"max":2}}]},{"type":"minecraft:item","name":"minecraft:leather","weight":4,"functions":[{"function":"minecraft:set_count","count":{"min":1,"max":3}}]},{"type":"minecraft:item","name":"minecraft:string","weight":4,"functions":[{"function":"minecraft:set_count","count":{"min":1,"max":2}}]},{"type":"minecraft:item","name":"minecraft:coal","weight":3,"functions":[{"function":"minecraft:set_count","count":{"min":2,"max":3}}]},{"type":"minecraft:item","name":"minecraft:red_mushroom","weight":2,"functions":[{"function":"minecraft:set_count","count":{"min":1,"max":2}}]},{"type":"minecraft:item","name":"minecraft:brown_mushroom","weight":2,"functions":[{"function":"minecraft:set_count","count":{"min":1,"max":2}}]},{"type":"minecraft:item","name":"minecraft:mushroom_stew","weight":2,"functions":[{"function":"minecraft:set_count","count":{"min":1,"max":2}}]},{"type":"minecraft:item","name":"minecraft:cobweb","weight":2,"functions":[{"function":"minecraft:set_count","count":{"min":1,"max":2}}]},{"type":"minecraft:item","name":"minecraft:flint","weight":1,"functions":[{"function":"minecraft:set_count","count":{"min":1,"max":1}}]}]}]}