{"type":"minecraft:chest","pools":[{"rolls":{"min":1,"max":1},"bonus_rolls":{"min":0,"max":0},"entries":[{"type":"minecraft:item","name":"minecraft:pufferfish_bucket","weight":1,"functions":[{"function":"minecraft:set_count","count":{"min":1,"max":1}}]}]},{"rolls":{"min":1,"max":1},"bonus_rolls":{"min":0,"max":0},"entries":[{"type":"minecraft:item","name":"minecraft:tropical_fish_bucket","weight":1,"functions":[{"function":"minecraft:set_count","count":{"min":1,"max":1}}]}]},{"rolls":{"min":1,"max":1},"bonus_rolls":{"min":0,"max":0},"entries":[{"type":"minecraft:item","name":"minecraft:salmon_bucket","weight":1,"functions":[{"function":"minecraft:set_count","count":{"min":1,"max":1}}]}]},{"rolls":{"min":1,"max":1},"bonus_rolls":{"min":0,"max":0},"entries":[{"type":"minecraft:item","name":"minecraft:cod_bucket","weight":1,"functions":[{"function":"minecraft:set_count","count":{"min":1,"max":1}}]}]}]}