{"type":"minecraft:chest","pools":[{"rolls":{"min":3,"max":3},"bonus_rolls":{"min":0,"max":1},"entries":[{"type":"minecraft:item","name":"minecraft:prismarine_crystals","weight":6,"functions":[{"function":"minecraft:set_count","count":{"min":2,"max":4}}]},{"type":"minecraft:item","name":"minecraft:prismarine_shard","weight":4,"functions":[{"function":"minecraft:set_count","count":{"min":2,"max":3}}]},{"type":"minecraft:item","name":"minecraft:kelp","weight":4,"functions":[{"function":"minecraft:set_count","count":{"min":1,"max":2}}]},{"type":"minecraft:item","name":"minecraft:ink_sac","weight":4,"functions":[{"function":"minecraft:set_count","count":{"min":1,"max":2}}]},{"type":"minecraft:item","name":"minecraft:lily_pad","weight":3,"functions":[{"function":"minecraft:set_count","count":{"min":2,"max":3}}]},{"type":"minecraft:item","name":"minecraft:seagrass","weight":3,"functions":[{"function":"minecraft:set_count","count":{"min":2,"max":4}}]},{"type":"minecraft:item","name":"minecraft:sea_pickle","weight":3,"functions":[{"function":"minecraft:set_count","count":{"min":2,"max":4}}]},{"type":"minecraft:item","name":"minecraft:dried_kelp","weight":2,"functions":[{"function":"minecraft:set_count","count":{"min":1,"max":3}}]},{"type":"minecraft:item","name":"minecraft:scute","weight":2,"functions":[{"function":"minecraft:set_count","count":{"min":1,"max":2}}]},{"type":"minecraft:item","name":"minecraft:tube_coral","weight":2,"functions":[{"function":"minecraft:set_count","count":{"min":1,"max":2}}]},{"type":"minecraft:item","name":"minecraft:bubble_coral","weight":2,"functions":[{"function":"minecraft:set_count","count":{"min":1,"max":2}}]},{"type":"minecraft:item","name":"minecraft:horn_coral","weight":2,"functions":[{"function":"minecraft:set_count","count":{"min":1,"max":2}}]},{"type":"minecraft:item","name":"minecraft:tube_coral_fan","weight":2,"functions":[{"function":"minecraft:set_count","count":{"min":1,"max":2}}]},{"type":"minecraft:item","name":"minecraft:bubble_coral_fan","weight":2,"functions":[{"function":"minecraft:set_count","count":{"min":1,"max":2}}]},{"type":"minecraft:item","name":"minecraft:fire_coral_fan","weight":2,"functions":[{"function":"minecraft:set_count","count":{"min":1,"max":2}}]},{"type":"minecraft:item","name":"minecraft:fire_coral","weight":2,"functions":[{"function":"minecraft:set_count","count":{"min":1,"max":2}}]},{"type":"minecraft:item","name":"minecraft:horn_coral_fan","weight":2,"functions":[{"function":"minecraft:set_count","count":{"min":1,"max":2}}]},{"type":"minecraft:item","name":"minecraft:brain_coral","weight":2,"functions":[{"function":"minecraft:set_count","count":{"min":1,"max":2}}]},{"type":"minecraft:item","name":"minecraft:brain_coral_fan","weight":2,"functions":[{"function":"minecraft:set_count","count":{"min":1,"max":2}}]},{"type":"minecraft:item","name":"minecraft:nautilus_shell","weight":1,"functions":[{"function":"minecraft:set_count","count":{"min":2,"max":3}}]},{"type":"minecraft:item","name":"minecraft:heart_of_the_sea","weight":1,"functions":[{"function":"minecraft:set_count","count":{"min":1,"max":1}}]},{"type":"minecraft:item","name":"minecraft:trident","weight":1,"functions":[{"function":"minecraft:set_count","count":{"min":1,"max":1}}]},{"type":"minecraft:item","name":"minecraft:water_bucket","weight":1,"functions":[{"function":"minecraft:set_count","count":{"min":1,"max":1}}]},{"type":"minecraft:item","name":"minecraft:turtle_egg","weight":1,"functions":[{"function":"minecraft:set_count","count":{"min":1,"max":1}}]}]}]}