{"type":"minecraft:chest","pools":[{"rolls":{"min":1,"max":1},"bonus_rolls":{"min":0,"max":0},"entries":[{"type":"minecraft:item","name":"minecraft:cobweb","weight":1,"functions":[{"function":"minecraft:set_count","count":{"min":3,"max":5}}]}]},{"rolls":{"min":1,"max":1},"bonus_rolls":{"min":0,"max":0},"entries":[{"type":"minecraft:item","name":"minecraft:acacia_sapling","weight":1,"functions":[{"function":"minecraft:set_count","count":{"min":1,"max":2}}]}]},{"rolls":{"min":1,"max":1},"bonus_rolls":{"min":0,"max":0},"entries":[{"type":"minecraft:item","name":"minecraft:experience_bottle","weight":1,"functions":[{"function":"minecraft:set_count","count":{"min":7,"max":10}}]}]},{"rolls":{"min":1,"max":1},"bonus_rolls":{"min":0,"max":0},"entries":[{"type":"minecraft:item","name":"minecraft:emerald","weight":1,"functions":[{"function":"minecraft:set_count","count":{"min":6,"max":9}}]}]}]}