{"type":"minecraft:chest","pools":[{"rolls":{"min":1,"max":1},"bonus_rolls":{"min":0,"max":0},"entries":[{"type":"minecraft:item","name":"minecraft:gunpowder","weight":1,"functions":[{"function":"minecraft:set_count","count":{"min":5,"max":8}}]}]},{"rolls":{"min":1,"max":1},"bonus_rolls":{"min":0,"max":0},"entries":[{"type":"minecraft:item","name":"minecraft:phantom_membrane","weight":1,"functions":[{"function":"minecraft:set_count","count":{"min":3,"max":4}}]}]},{"rolls":{"min":1,"max":1},"bonus_rolls":{"min":0,"max":0},"entries":[{"type":"minecraft:item","name":"minecraft:experience_bottle","weight":1,"functions":[{"function":"minecraft:set_count","count":{"min":8,"max":10}}]}]},{"rolls":{"min":1,"max":1},"bonus_rolls":{"min":0,"max":0},"entries":[{"type":"minecraft:item","name":"minecraft:lapis_lazuli","weight":1,"functions":[{"function":"minecraft:set_count","count":{"min":6,"max":8}}]}]}]}