{"type":"minecraft:chest","pools":[{"rolls":{"min":3,"max":4},"bonus_rolls":{"min":0,"max":1},"entries":[{"type":"minecraft:item","name":"minecraft:apple","weight":5,"functions":[{"function":"minecraft:set_count","count":{"min":1,"max":3}}]},{"type":"minecraft:item","name":"minecraft:oak_sapling","weight":4,"functions":[{"function":"minecraft:set_count","count":{"min":1,"max":1}}]},{"type":"minecraft:item","name":"minecraft:wheat_seeds","weight":3,"functions":[{"function":"minecraft:set_count","count":{"min":2,"max":3}}]},{"type":"minecraft:item","name":"minecraft:egg","weight":2,"functions":[{"function":"minecraft:set_count","count":{"min":1,"max":2}}]},{"type":"minecraft:item","name":"minecraft:oak_sapling","weight":4,"functions":[{"function":"minecraft:set_count","count":{"min":1,"max":1}}]},{"type":"minecraft:item","name":"minecraft:birch_sapling","weight":3,"functions":[{"function":"minecraft:set_count","count":{"min":1,"max":1}}]},{"type":"minecraft:item","name":"minecraft:wheat_seeds","weight":3,"functions":[{"function":"minecraft:set_count","count":{"min":2,"max":3}}]},{"type":"minecraft:item","name":"minecraft:leather","weight":3,"functions":[{"function":"minecraft:set_count","count":{"min":1,"max":3}}]},{"type":"minecraft:item","name":"minecraft:egg","weight":2,"functions":[{"function":"minecraft:set_count","count":{"min":1,"max":2}}]},{"type":"minecraft:item","name":"minecraft:pumpkin_seeds","weight":2,"functions":[{"function":"minecraft:set_count","count":{"min":1,"max":1}}]},{"type":"minecraft:item","name":"minecraft:melon_seeds","weight":1,"functions":[{"function":"minecraft:set_count","count":{"min":1,"max":1}}]},{"type":"minecraft:item","name":"minecraft:sweet_berries","weight":1,"functions":[{"function":"minecraft:set_count","count":{"min":1,"max":1}}]},{"type":"minecraft:item","name":"minecraft:carrot","weight":1,"functions":[{"function":"minecraft:set_count","count":{"min":1,"max":1}}]},{"type":"minecraft:item","name":"minecraft:potato","weight":1,"functions":[{"function":"minecraft:set_count","count":{"min":1,"max":1}}]},{"type":"minecraft:item","name":"minecraft:feather","weight":6,"functions":[{"function":"minecraft:set_count","count":{"min":2,"max":4}}]},{"type":"minecraft:item","name":"minecraft:spruce_sapling","weight":4,"functions":[{"function":"minecraft:set_count","count":{"min":1,"max":2}}]},{"type":"minecraft:item","name":"minecraft:leather","weight":4,"functions":[{"function":"minecraft:set_count","count":{"min":1,"max":3}}]},{"type":"minecraft:item","name":"minecraft:string","weight":4,"functions":[{"function":"minecraft:set_count","count":{"min":1,"max":2}}]},{"type":"minecraft:item","name":"minecraft:coal","weight":3,"functions":[{"function":"minecraft:set_count","count":{"min":2,"max":3}}]},{"type":"minecraft:item","name":"minecraft:red_mushroom","weight":2,"functions":[{"function":"minecraft:set_count","count":{"min":1,"max":2}}]},{"type":"minecraft:item","name":"minecraft:brown_mushroom","weight":2,"functions":[{"function":"minecraft:set_count","count":{"min":1,"max":2}}]},{"type":"minecraft:item","name":"minecraft:mushroom_stew","weight":2,"functions":[{"function":"minecraft:set_count","count":{"min":1,"max":2}}]},{"type":"minecraft:item","name":"minecraft:cobweb","weight":2,"functions":[{"function":"minecraft:set_count","count":{"min":1,"max":2}}]},{"type":"minecraft:item","name":"minecraft:flint","weight":1,"functions":[{"function":"minecraft:set_count","count":{"min":1,"max":1}}]},{"type":"minecraft:item","name":"minecraft:bone_meal","weight":6,"functions":[{"function":"minecraft:set_count","count":{"min":2,"max":4}}]},{"type":"minecraft:item","name":"minecraft:bone","weight":5,"functions":[{"function":"minecraft:set_count","count":{"min":2,"max":3}}]},{"type":"minecraft:item","name":"minecraft:snowball","weight":5,"functions":[{"function":"minecraft:set_count","count":{"min":3,"max":5}}]},{"type":"minecraft:item","name":"minecraft:rabbit_hide","weight":3,"functions":[{"function":"minecraft:set_count","count":{"min":2,"max":3}}]},{"type":"minecraft:item","name":"minecraft:dark_oak_sapling","weight":4,"functions":[{"function":"minecraft:set_count","count":{"min":1,"max":2}}]},{"type":"minecraft:item","name":"minecraft:iron_nugget","weight":3,"functions":[{"function":"minecraft:set_count","count":{"min":2,"max":4}}]},{"type":"minecraft:item","name":"minecraft:iron_ingot","weight":2,"functions":[{"function":"minecraft:set_count","count":{"min":1,"max":2}}]},{"type":"minecraft:item","name":"minecraft:gold_ingot","weight":2,"functions":[{"function":"minecraft:set_count","count":{"min":1,"max":2}}]},{"type":"minecraft:item","name":"minecraft:ice","weight":1,"functions":[{"function":"minecraft:set_count","count":{"min":1,"max":2}}]},{"type":"minecraft:item","name":"minecraft:blue_ice","weight":1,"functions":[{"function":"minecraft:set_count","count":{"min":1,"max":2}}]},{"type":"minecraft:item","name":"minecraft:rabbit_foot","weight":1,"functions":[{"function":"minecraft:set_count","count":{"min":1,"max":2}}]},{"type":"minecraft:item","name":"minecraft:prismarine_crystals","weight":6,"functions":[{"function":"minecraft:set_count","count":{"min":2,"max":4}}]},{"type":"minecraft:item","name":"minecraft:prismarine_shard","weight":4,"functions":[{"function":"minecraft:set_count","count":{"min":2,"max":3}}]},{"type":"minecraft:item","name":"minecraft:kelp","weight":4,"functions":[{"function":"minecraft:set_count","count":{"min":1,"max":2}}]},{"type":"minecraft:item","name":"minecraft:ink_sac","weight":4,"functions":[{"function":"minecraft:set_count","count":{"min":1,"max":2}}]},{"type":"minecraft:item","name":"minecraft:lily_pad","weight":3,"functions":[{"function":"minecraft:set_count","count":{"min":2,"max":3}}]},{"type":"minecraft:item","name":"minecraft:seagrass","weight":3,"functions":[{"function":"minecraft:set_count","count":{"min":2,"max":4}}]},{"type":"minecraft:item","name":"minecraft:sea_pickle","weight":3,"functions":[{"function":"minecraft:set_count","count":{"min":2,"max":4}}]},{"type":"minecraft:item","name":"minecraft:dried_kelp","weight":2,"functions":[{"function":"minecraft:set_count","count":{"min":1,"max":3}}]},{"type":"minecraft:item","name":"minecraft:scute","weight":2,"functions":[{"function":"minecraft:set_count","count":{"min":1,"max":2}}]},{"type":"minecraft:item","name":"minecraft:tube_coral","weight":2,"functions":[{"function":"minecraft:set_count","count":{"min":1,"max":2}}]},{"type":"minecraft:item","name":"minecraft:bubble_coral","weight":2,"functions":[{"function":"minecraft:set_count","count":{"min":1,"max":2}}]},{"type":"minecraft:item","name":"minecraft:horn_coral","weight":2,"functions":[{"function":"minecraft:set_count","count":{"min":1,"max":2}}]},{"type":"minecraft:item","name":"minecraft:tube_coral_fan","weight":2,"functions":[{"function":"minecraft:set_count","count":{"min":1,"max":2}}]},{"type":"minecraft:item","name":"minecraft:bubble_coral_fan","weight":2,"functions":[{"function":"minecraft:set_count","count":{"min":1,"max":2}}]},{"type":"minecraft:item","name":"minecraft:fire_coral_fan","weight":2,"functions":[{"function":"minecraft:set_count","count":{"min":1,"max":2}}]},{"type":"minecraft:item","name":"minecraft:fire_coral","weight":2,"functions":[{"function":"minecraft:set_count","count":{"min":1,"max":2}}]},{"type":"minecraft:item","name":"minecraft:horn_coral_fan","weight":2,"functions":[{"function":"minecraft:set_count","count":{"min":1,"max":2}}]},{"type":"minecraft:item","name":"minecraft:brain_coral","weight":2,"functions":[{"function":"minecraft:set_count","count":{"min":1,"max":2}}]},{"type":"minecraft:item","name":"minecraft:brain_coral_fan","weight":2,"functions":[{"function":"minecraft:set_count","count":{"min":1,"max":2}}]},{"type":"minecraft:item","name":"minecraft:nautilus_shell","weight":1,"functions":[{"function":"minecraft:set_count","count":{"min":2,"max":3}}]},{"type":"minecraft:item","name":"minecraft:heart_of_the_sea","weight":1,"functions":[{"function":"minecraft:set_count","count":{"min":1,"max":1}}]},{"type":"minecraft:item","name":"minecraft:trident","weight":1,"functions":[{"function":"minecraft:set_count","count":{"min":1,"max":1}}]},{"type":"minecraft:item","name":"minecraft:water_bucket","weight":1,"functions":[{"function":"minecraft:set_count","count":{"min":1,"max":1}}]},{"type":"minecraft:item","name":"minecraft:turtle_egg","weight":1,"functions":[{"function":"minecraft:set_count","count":{"min":1,"max":1}}]},{"type":"minecraft:item","name":"minecraft:lapis_lazuli","weight":6,"functions":[{"function":"minecraft:set_count","count":{"min":2,"max":3}}]},{"type":"minecraft:item","name":"minecraft:jungle_sapling","weight":5,"functions":[{"function":"minecraft:set_count","count":{"min":1,"max":2}}]},{"type":"minecraft:item","name":"minecraft:cocoa_beans","weight":5,"functions":[{"function":"minecraft:set_count","count":{"min":1,"max":2}}]},{"type":"minecraft:item","name":"minecraft:coal","weight":5,"functions":[{"function":"minecraft:set_count","count":{"min":2,"max":3}}]},{"type":"minecraft:item","name":"minecraft:sugar_cane","weight":4,"functions":[{"function":"minecraft:set_count","count":{"min":1,"max":3}}]},{"type":"minecraft:item","name":"minecraft:bamboo","weight":4,"functions":[{"function":"minecraft:set_count","count":{"min":1,"max":3}}]},{"type":"minecraft:item","name":"minecraft:vine","weight":4,"functions":[{"function":"minecraft:set_count","count":{"min":2,"max":3}}]},{"type":"minecraft:item","name":"minecraft:sugar","weight":3,"functions":[{"function":"minecraft:set_count","count":{"min":2,"max":4}}]},{"type":"minecraft:item","name":"minecraft:bone_meal","weight":3,"functions":[{"function":"minecraft:set_count","count":{"min":2,"max":4}}]},{"type":"minecraft:item","name":"minecraft:bone","weight":3,"functions":[{"function":"minecraft:set_count","count":{"min":1,"max":3}}]},{"type":"minecraft:item","name":"minecraft:paper","weight":3,"functions":[{"function":"minecraft:set_count","count":{"min":2,"max":3}}]},{"type":"minecraft:item","name":"minecraft:diamond","weight":1,"functions":[{"function":"minecraft:set_count","count":{"min":1,"max":1}}]},{"type":"minecraft:item","name":"minecraft:lead","weight":1,"functions":[{"function":"minecraft:set_count","count":{"min":1,"max":1}}]},{"type":"minecraft:item","name":"minecraft:dead_bush","weight":8,"functions":[{"function":"minecraft:set_count","count":{"min":2,"max":4}}]},{"type":"minecraft:item","name":"minecraft:bone","weight":7,"functions":[{"function":"minecraft:set_count","count":{"min":2,"max":4}}]},{"type":"minecraft:item","name":"minecraft:cobweb","weight":6,"functions":[{"function":"minecraft:set_count","count":{"min":1,"max":3}}]},{"type":"minecraft:item","name":"minecraft:coal","weight":5,"functions":[{"function":"minecraft:set_count","count":{"min":2,"max":3}}]},{"type":"minecraft:item","name":"minecraft:redstone","weight":5,"functions":[{"function":"minecraft:set_count","count":{"min":2,"max":5}}]},{"type":"minecraft:item","name":"minecraft:acacia_sapling","weight":5,"functions":[{"function":"minecraft:set_count","count":{"min":1,"max":2}}]},{"type":"minecraft:item","name":"minecraft:iron_nugget","weight":4,"functions":[{"function":"minecraft:set_count","count":{"min":2,"max":4}}]},{"type":"minecraft:item","name":"minecraft:emerald","weight":4,"functions":[{"function":"minecraft:set_count","count":{"min":1,"max":2}}]},{"type":"minecraft:item","name":"minecraft:cactus","weight":4,"functions":[{"function":"minecraft:set_count","count":{"min":2,"max":3}}]},{"type":"minecraft:item","name":"minecraft:slime_ball","weight":2,"functions":[{"function":"minecraft:set_count","count":{"min":1,"max":3}}]},{"type":"minecraft:item","name":"minecraft:experience_bottle","weight":2,"functions":[{"function":"minecraft:set_count","count":{"min":1,"max":3}}]},{"type":"minecraft:item","name":"minecraft:gold_nugget","weight":7,"functions":[{"function":"minecraft:set_count","count":{"min":3,"max":6}}]},{"type":"minecraft:item","name":"minecraft:iron_nugget","weight":6,"functions":[{"function":"minecraft:set_count","count":{"min":2,"max":5}}]},{"type":"minecraft:item","name":"minecraft:quartz","weight":5,"functions":[{"function":"minecraft:set_count","count":{"min":2,"max":3}}]},{"type":"minecraft:item","name":"minecraft:gold_ingot","weight":4,"functions":[{"function":"minecraft:set_count","count":{"min":1,"max":3}}]},{"type":"minecraft:item","name":"minecraft:twisting_vines","weight":3,"functions":[{"function":"minecraft:set_count","count":{"min":2,"max":3}}]},{"type":"minecraft:item","name":"minecraft:weeping_vines","weight":3,"functions":[{"function":"minecraft:set_count","count":{"min":2,"max":3}}]},{"type":"minecraft:item","name":"minecraft:lava_bucket","weight":3,"functions":[{"function":"minecraft:set_count","count":{"min":1,"max":1}}]},{"type":"minecraft:item","name":"minecraft:ghast_tear","weight":2,"functions":[{"function":"minecraft:set_count","count":{"min":1,"max":2}}]},{"type":"minecraft:item","name":"minecraft:blaze_rod","weight":2,"functions":[{"function":"minecraft:set_count","count":{"min":1,"max":2}}]},{"type":"minecraft:item","name":"minecraft:magma_cream","weight":2,"functions":[{"function":"minecraft:set_count","count":{"min":1,"max":2}}]},{"type":"minecraft:item","name":"minecraft:blaze_powder","weight":2,"functions":[{"function":"minecraft:set_count","count":{"min":1,"max":2}}]},{"type":"minecraft:item","name":"minecraft:netherite_scrap","weight":1,"functions":[{"function":"minecraft:set_count","count":{"min":1,"max":2}}]},{"type":"minecraft:item","name":"minecraft:nether_wart","weight":1,"functions":[{"function":"minecraft:set_count","count":{"min":1,"max":2}}]},{"type":"minecraft:item","name":"minecraft:nether_sprouts","weight":1,"functions":[{"function":"minecraft:set_count","count":{"min":1,"max":2}}]},{"type":"minecraft:item","name":"minecraft:wither_skeleton_skull","weight":1,"functions":[{"function":"minecraft:set_count","count":{"min":1,"max":1}}]},{"type":"minecraft:item","name":"minecraft:honey_bottle","weight":6,"functions":[{"function":"minecraft:set_count","count":{"min":2,"max":4}}]},{"type":"minecraft:item","name":"minecraft:honeycomb","weight":5,"functions":[{"function":"minecraft:set_count","count":{"min":1,"max":2}}]},{"type":"minecraft:item","name":"minecraft:beetroot_seeds","weight":4,"functions":[{"function":"minecraft:set_count","count":{"min":1,"max":3}}]},{"type":"minecraft:item","name":"minecraft:beetroot_soup","weight":3,"functions":[{"function":"minecraft:set_count","count":{"min":1,"max":2}}]},{"type":"minecraft:item","name":"minecraft:slime_ball","weight":3,"functions":[{"function":"minecraft:set_count","count":{"min":2,"max":4}}]},{"type":"minecraft:item","name":"minecraft:glistering_melon_slice","weight":3,"functions":[{"function":"minecraft:set_count","count":{"min":1,"max":3}}]},{"type":"minecraft:item","name":"minecraft:golden_carrot","weight":3,"functions":[{"function":"minecraft:set_count","count":{"min":1,"max":3}}]},{"type":"minecraft:item","name":"minecraft:experience_bottle","weight":3,"functions":[{"function":"minecraft:set_count","count":{"min":2,"max":4}}]},{"type":"minecraft:item","name":"minecraft:fire_charge","weight":3,"functions":[{"function":"minecraft:set_count","count":{"min":1,"max":3}}]},{"type":"minecraft:item","name":"minecraft:cake","weight":1,"functions":[{"function":"minecraft:set_count","count":{"min":1,"max":1}}]},{"type":"minecraft:item","name":"minecraft:saddle","weight":1,"functions":[{"function":"minecraft:set_count","count":{"min":1,"max":1}}]},{"type":"minecraft:item","name":"minecraft:name_tag","weight":1,"functions":[{"function":"minecraft:set_count","count":{"min":1,"max":1}}]},{"type":"minecraft:item","name":"minecraft:iron_horse_armor","weight":1,"functions":[{"function":"minecraft:set_count","count":{"min":1,"max":1}}]},{"type":"minecraft:item","name":"minecraft:leather_horse_armor","weight":1,"functions":[{"function":"minecraft:set_count","count":{"min":1,"max":1}}]},{"type":"minecraft:item","name":"minecraft:cobweb","weight":6,"functions":[{"function":"minecraft:set_count","count":{"min":2,"max":4}}]},{"type":"minecraft:item","name":"minecraft:rotten_flesh","weight":6,"functions":[{"function":"minecraft:set_count","count":{"min":2,"max":4}}]},{"type":"minecraft:item","name":"minecraft:bone","weight":6,"functions":[{"function":"minecraft:set_count","count":{"min":2,"max":4}}]},{"type":"minecraft:item","name":"minecraft:dead_bush","weight":6,"functions":[{"function":"minecraft:set_count","count":{"min":2,"max":3}}]},{"type":"minecraft:item","name":"minecraft:fermented_spider_eye","weight":5,"functions":[{"function":"minecraft:set_count","count":{"min":2,"max":3}}]},{"type":"minecraft:item","name":"minecraft:iron_nugget","weight":5,"functions":[{"function":"minecraft:set_count","count":{"min":3,"max":5}}]},{"type":"minecraft:item","name":"minecraft:poisonous_potato","weight":4,"functions":[{"function":"minecraft:set_count","count":{"min":2,"max":3}}]},{"type":"minecraft:item","name":"minecraft:gunpowder","weight":3,"functions":[{"function":"minecraft:set_count","count":{"min":3,"max":4}}]},{"type":"minecraft:item","name":"minecraft:emerald","weight":2,"functions":[{"function":"minecraft:set_count","count":{"min":2,"max":3}}]},{"type":"minecraft:item","name":"minecraft:phantom_membrane","weight":1,"functions":[{"function":"minecraft:set_count","count":{"min":1,"max":2}}]}]}]}