{"type":"minecraft:chest","pools":[{"rolls":{"min":2,"max":3},"bonus_rolls":{"min":0,"max":1},"entries":[{"type":"minecraft:item","name":"minecraft:cobweb","weight":6,"functions":[{"function":"minecraft:set_count","count":{"min":2,"max":4}}]},{"type":"minecraft:item","name":"minecraft:rotten_flesh","weight":6,"functions":[{"function":"minecraft:set_count","count":{"min":2,"max":4}}]},{"type":"minecraft:item","name":"minecraft:bone","weight":6,"functions":[{"function":"minecraft:set_count","count":{"min":2,"max":4}}]},{"type":"minecraft:item","name":"minecraft:dead_bush","weight":6,"functions":[{"function":"minecraft:set_count","count":{"min":2,"max":3}}]},{"type":"minecraft:item","name":"minecraft:fermented_spider_eye","weight":5,"functions":[{"function":"minecraft:set_count","count":{"min":2,"max":3}}]},{"type":"minecraft:item","name":"minecraft:iron_nugget","weight":5,"functions":[{"function":"minecraft:set_count","count":{"min":3,"max":5}}]},{"type":"minecraft:item","name":"minecraft:poisonous_potato","weight":4,"functions":[{"function":"minecraft:set_count","count":{"min":2,"max":3}}]},{"type":"minecraft:item","name":"minecraft:gunpowder","weight":3,"functions":[{"function":"minecraft:set_count","count":{"min":3,"max":4}}]},{"type":"minecraft:item","name":"minecraft:emerald","weight":2,"functions":[{"function":"minecraft:set_count","count":{"min":2,"max":3}}]},{"type":"minecraft:item","name":"minecraft:phantom_membrane","weight":1,"functions":[{"function":"minecraft:set_count","count":{"min":1,"max":2}}]}]}]}