{"type":"minecraft:chest","pools":[{"rolls":{"min":2,"max":3},"bonus_rolls":{"min":0,"max":1},"entries":[{"type":"minecraft:item","name":"minecraft:spectral_arrow","weight":7,"functions":[{"function":"minecraft:set_count","count":{"min":3,"max":8}}]},{"type":"minecraft:item","name":"minecraft:iron_nugget","weight":5,"functions":[{"function":"minecraft:set_count","count":{"min":3,"max":7}}]},{"type":"minecraft:item","name":"minecraft:bone","weight":5,"functions":[{"function":"minecraft:set_count","count":{"min":2,"max":4}}]},{"type":"minecraft:item","name":"minecraft:ender_pearl","weight":3,"functions":[{"function":"minecraft:set_count","count":{"min":2,"max":3}}]},{"type":"minecraft:item","name":"minecraft:chorus_fruit","weight":3,"functions":[{"function":"minecraft:set_count","count":{"min":2,"max":4}}]},{"type":"minecraft:item","name":"minecraft:ender_eye","weight":3,"functions":[{"function":"minecraft:set_count","count":{"min":1,"max":1}}]},{"type":"minecraft:item","name":"minecraft:end_rod","weight":2,"functions":[{"function":"minecraft:set_count","count":{"min":1,"max":2}}]},{"type":"minecraft:item","name":"minecraft:diamond","weight":1,"functions":[{"function":"minecraft:set_count","count":{"min":1,"max":1}}]},{"type":"minecraft:item","name":"minecraft:dragon_breath","weight":1,"functions":[{"function":"minecraft:set_count","count":{"min":1,"max":1}}]}]}]}