{"stats":{"minecraft:picked_up":{"minecraft:crafting_table":5,"minecraft:ominous_bottle":1,"minecraft:clay_ball":32,"minecraft:smithing_table":8,"minecraft:diamond_sword":1,"minecraft:enchanted_book":6,"minecraft:potion":1,"minecraft:brewing_stand":7,"minecraft:brick":64,"minecraft:oak_trapdoor":7,"minecraft:string":3,"minecraft:iron_axe":2,"minecraft:flint_and_steel":1,"minecraft:cobbled_deepslate":883,"minecraft:trial_key":6,"minecraft:oak_boat":2,"minecraft:iron_nugget":2,"minecraft:lectern":201,"minecraft:melon_slice":12,"minecraft:chest":1,"minecraft:egg":1,"minecraft:furnace":4,"minecraft:tipped_arrow":24,"minecraft:stick":21,"minecraft:raw_iron":87,"minecraft:stone":8,"minecraft:composter":7,"minecraft:big_dripleaf":3,"minecraft:torch":14,"minecraft:porkchop":2,"minecraft:flow_pottery_sherd":1,"minecraft:waxed_weathered_copper_bulb":2,"minecraft:diorite":31,"minecraft:redstone":221,"minecraft:music_disc_creator_music_box":1,"minecraft:cauldron":14,"minecraft:arrow":34,"minecraft:rotten_flesh":7,"minecraft:gold_ingot":7,"minecraft:mutton":4,"minecraft:white_wool":3,"minecraft:cobblestone":259,"minecraft:magma_block":2,"minecraft:cooked_beef":2,"minecraft:golden_carrot":1,"minecraft:andesite":11,"minecraft:flint":10,"minecraft:tuff":3,"minecraft:oak_log":4,"minecraft:waxed_copper_block":1,"minecraft:yellow_bed":6,"minecraft:gunpowder":2,"minecraft:lapis_lazuli":190,"minecraft:dirt":274,"minecraft:bone":49,"minecraft:stonecutter":4,"minecraft:bow":5,"minecraft:wheat_seeds":15,"minecraft:raw_gold":8,"minecraft:bell":1,"minecraft:grindstone":1,"minecraft:iron_ingot":4,"minecraft:fletching_table":9,"minecraft:bamboo":36,"minecraft:oak_planks":81,"minecraft:book":10,"minecraft:oak_slab":1,"minecraft:gravel":43,"minecraft:sand":5,"minecraft:spruce_sapling":34,"minecraft:blast_furnace":4,"minecraft:spruce_log":210,"minecraft:white_bed":10,"minecraft:spider_eye":2,"minecraft:diamond":129,"minecraft:stone_axe":2,"minecraft:iron_helmet":1,"minecraft:breeze_rod":2,"minecraft:crossbow":2,"minecraft:granite":10,"minecraft:emerald":79,"minecraft:bread":2,"minecraft:baked_potato":2,"minecraft:oak_sapling":4,"minecraft:coal":39,"minecraft:diamond_pickaxe":2},"minecraft:mined":{"minecraft:tuff":2,"minecraft:white_bed":10,"minecraft:deepslate_diamond_ore":68,"minecraft:brewing_stand":7,"minecraft:granite":10,"minecraft:grass_block":230,"minecraft:decorated_pot":1,"minecraft:spruce_leaves":7,"minecraft:composter":7,"minecraft:magma_block":2,"minecraft:redstone_ore":8,"minecraft:oak_trapdoor":7,"minecraft:furnace":2,"minecraft:cobbled_deepslate":15,"minecraft:iron_ore":31,"minecraft:fire":12,"minecraft:andesite":11,"minecraft:fletching_table":9,"minecraft:deepslate_lapis_ore":13,"minecraft:bell":1,"minecraft:bookshelf":3,"minecraft:water_cauldron":4,"minecraft:deepslate_iron_ore":34,"minecraft:packed_ice":2,"minecraft:waxed_weathered_copper_bulb":1,"minecraft:stone":244,"minecraft:podzol":9,"minecraft:smithing_table":8,"minecraft:deepslate_redstone_ore":27,"minecraft:oak_slab":1,"minecraft:clay":4,"minecraft:crafting_table":7,"minecraft:short_grass":63,"minecraft:blast_furnace":4,"minecraft:melon":2,"minecraft:chest":1,"minecraft:lectern":201,"minecraft:tall_grass":5,"minecraft:cobblestone":13,"minecraft:deepslate_gold_ore":5,"minecraft:grindstone":1,"minecraft:oak_planks":30,"minecraft:diorite":31,"minecraft:cauldron":10,"minecraft:spruce_log":211,"minecraft:yellow_bed":6,"minecraft:oak_log":4,"minecraft:coal_ore":34,"minecraft:sand":7,"minecraft:gravel":52,"minecraft:dirt":34,"minecraft:stonecutter":4,"minecraft:oak_leaves":5,"minecraft:deepslate":906,"minecraft:fern":1},"minecraft:killed_by":{"minecraft:stray":3,"minecraft:skeleton":1,"minecraft:zombie":1},"minecraft:killed":{"minecraft:spider":1,"minecraft:skeleton":7,"minecraft:pig":2,"minecraft:creeper":1,"minecraft:sheep":3,"minecraft:zombie":3,"minecraft:stray":13,"minecraft:breeze":2,"minecraft:villager":6},"minecraft:broken":{"minecraft:iron_shovel":1,"minecraft:flint_and_steel":1,"minecraft:stone_pickaxe":1,"minecraft:shield":1,"minecraft:iron_pickaxe":1},"minecraft:used":{"minecraft:oak_trapdoor":20,"minecraft:flint_and_steel":7,"minecraft:iron_shovel":252,"minecraft:diamond_hoe":22,"minecraft:chest":7,"minecraft:shield":49,"minecraft:bell":1,"minecraft:rotten_flesh":1,"minecraft:trial_key":2,"minecraft:iron_chestplate":1,"minecraft:torch":1,"minecraft:brewing_stand":7,"minecraft:dirt":64,"minecraft:mutton":4,"minecraft:tuff":3,"minecraft:granite":8,"minecraft:big_dripleaf":3,"minecraft:lava_bucket":7,"minecraft:bookshelf":3,"minecraft:villager_spawn_egg":15,"minecraft:iron_axe":531,"minecraft:iron_helmet":1,"minecraft:iron_boots":1,"minecraft:bamboo":4,"minecraft:magma_block":2,"minecraft:bow":34,"minecraft:ominous_bottle":1,"minecraft:furnace":2,"minecraft:oak_sapling":4,"minecraft:podzol":30,"minecraft:potato":6,"minecraft:cooked_beef":28,"minecraft:cobbled_deepslate":307,"minecraft:iron_leggings":1,"minecraft:wheat_seeds":13,"minecraft:water_bucket":5,"minecraft:stone_pickaxe":131,"minecraft:oak_planks":144,"minecraft:wooden_pickaxe":14,"minecraft:composter":7,"minecraft:fletching_table":12,"minecraft:cauldron":10,"minecraft:stonecutter":5,"minecraft:oak_slab":5,"minecraft:crafting_table":6,"minecraft:blast_furnace":7,"minecraft:crossbow":4,"minecraft:white_bed":24,"minecraft:diamond_pickaxe":1077,"minecraft:diamond_shovel":77,"minecraft:melon_slice":12,"minecraft:iron_pickaxe":287,"minecraft:lectern":205,"minecraft:spruce_sapling":28,"minecraft:gravel":5,"minecraft:stone_axe":50,"minecraft:cobblestone":132,"minecraft:grindstone":1,"minecraft:smithing_table":11,"minecraft:andesite":4,"minecraft:bucket":12,"minecraft:yellow_bed":5,"minecraft:oak_boat":1,"minecraft:bone_meal":21},"minecraft:crafted":{"minecraft:chainmail_helmet":24,"minecraft:stone_shovel":62,"minecraft:oak_planks":16,"minecraft:diamond_hoe":8,"minecraft:furnace":1,"minecraft:diamond_shovel":1,"minecraft:bookshelf":3,"minecraft:oak_trapdoor":8,"minecraft:diamond_leggings":1,"minecraft:diamond_helmet":1,"minecraft:iron_boots":25,"minecraft:bow":27,"minecraft:stone_pickaxe":1,"minecraft:chest":6,"minecraft:diamond_boots":1,"minecraft:chainmail_leggings":11,"minecraft:oak_slab":6,"minecraft:crossbow":24,"minecraft:arrow":352,"minecraft:emerald":150,"minecraft:crafting_table":1,"minecraft:spruce_planks":840,"minecraft:wooden_pickaxe":1,"minecraft:iron_helmet":13,"minecraft:chainmail_chestplate":12,"minecraft:bucket":1,"minecraft:stone_axe":26,"minecraft:enchanted_book":9,"minecraft:air":0,"minecraft:iron_chestplate":13,"minecraft:diamond_pickaxe":1,"minecraft:shield":14,"minecraft:stick":1696,"minecraft:iron_pickaxe":2,"minecraft:iron_ingot":34,"minecraft:iron_shovel":1,"minecraft:iron_leggings":22,"minecraft:white_bed":1,"minecraft:diamond_chestplate":1},"minecraft:dropped":{"minecraft:porkchop":2,"minecraft:wheat_seeds":4,"minecraft:ominous_bottle":3,"minecraft:oak_log":64,"minecraft:crossbow":25,"minecraft:iron_helmet":14,"minecraft:granite":2,"minecraft:chainmail_helmet":24,"minecraft:emerald":223,"minecraft:dirt":2,"minecraft:waxed_weathered_copper_bulb":2,"minecraft:iron_leggings":22,"minecraft:iron_axe":1,"minecraft:sand":5,"minecraft:chainmail_leggings":11,"minecraft:string":67,"minecraft:spruce_sapling":1,"minecraft:redstone":221,"minecraft:stone_axe":26,"minecraft:oak_trapdoor":1,"minecraft:iron_nugget":3,"minecraft:diamond_hoe":8,"minecraft:stone_shovel":62,"minecraft:rotten_flesh":2,"minecraft:clay_ball":32,"minecraft:iron_boots":25,"minecraft:chainmail_chestplate":12,"minecraft:filled_map":1,"minecraft:tipped_arrow":4,"minecraft:stone":8,"minecraft:shield":12,"minecraft:gunpowder":2,"minecraft:iron_chestplate":13,"minecraft:diamond_pickaxe":1,"minecraft:oak_boat":1,"minecraft:spider_eye":2,"minecraft:bamboo":16,"minecraft:bow":6,"minecraft:arrow":1,"minecraft:wooden_pickaxe":1,"minecraft:quartz":1,"minecraft:lectern":1,"minecraft:brick":45,"minecraft:egg":1},"minecraft:custom":{"minecraft:interact_with_smithing_table":1,"minecraft:interact_with_anvil":6,"minecraft:mob_kills":40,"minecraft:interact_with_crafting_table":33,"minecraft:open_barrel":4,"minecraft:bell_ring":43,"minecraft:leave_game":1,"minecraft:time_since_death":130160,"minecraft:climb_one_cm":4436,"minecraft:sprint_one_cm":430839,"minecraft:walk_one_cm":374950,"minecraft:damage_blocked_by_shield":2705,"minecraft:drop":321,"minecraft:talked_to_villager":469,"minecraft:play_time":1079110,"minecraft:deaths":6,"minecraft:sneak_time":35439,"minecraft:walk_under_water_one_cm":8761,"minecraft:boat_one_cm":25531,"minecraft:jump":3563,"minecraft:interact_with_blast_furnace":2,"minecraft:walk_on_water_one_cm":17146,"minecraft:enchant_item":1,"minecraft:total_world_time":1079110,"minecraft:interact_with_furnace":23,"minecraft:traded_with_villager":453,"minecraft:sleep_in_bed":5,"minecraft:time_since_rest":2791,"minecraft:damage_taken":3607,"minecraft:damage_dealt":5443,"minecraft:swim_one_cm":27941,"minecraft:fly_one_cm":1390402,"minecraft:player_kills":3,"minecraft:open_chest":72,"minecraft:crouch_one_cm":118021,"minecraft:fall_one_cm":73832,"minecraft:inspect_dispenser":5}},"DataVersion":3953}