{"stats":{"minecraft:used":{"minecraft:dirt":30},"minecraft:picked_up":{"minecraft:moss_block":2,"minecraft:dirt":31},"minecraft:mined":{"minecraft:grass_block":34,"minecraft:moss_block":2},"minecraft:custom":{"minecraft:jump":10,"minecraft:time_since_rest":7253,"minecraft:leave_game":1,"minecraft:crouch_one_cm":5373,"minecraft:sprint_one_cm":2179,"minecraft:play_time":7253,"minecraft:time_since_death":7253,"minecraft:walk_one_cm":215,"minecraft:sneak_time":1808,"minecraft:total_world_time":7253,"minecraft:fly_one_cm":3128}},"DataVersion":3465}