{"stats":{"minecraft:picked_up":{"minecraft:crafting_table":5,"minecraft:ominous_bottle":1,"minecraft:clay_ball":32,"minecraft:smithing_table":8,"minecraft:potion":1,"minecraft:brewing_stand":7,"minecraft:brick":64,"minecraft:string":3,"minecraft:iron_axe":1,"minecraft:cobbled_deepslate":883,"minecraft:trial_key":6,"minecraft:oak_boat":2,"minecraft:iron_nugget":2,"minecraft:melon_slice":12,"minecraft:egg":1,"minecraft:furnace":4,"minecraft:tipped_arrow":24,"minecraft:raw_iron":87,"minecraft:composter":7,"minecraft:big_dripleaf":3,"minecraft:torch":14,"minecraft:porkchop":2,"minecraft:flow_pottery_sherd":1,"minecraft:waxed_weathered_copper_bulb":2,"minecraft:diorite":31,"minecraft:redstone":221,"minecraft:music_disc_creator_music_box":1,"minecraft:cauldron":9,"minecraft:arrow":34,"minecraft:rotten_flesh":7,"minecraft:gold_ingot":7,"minecraft:mutton":4,"minecraft:white_wool":3,"minecraft:cobblestone":259,"minecraft:magma_block":2,"minecraft:cooked_beef":2,"minecraft:golden_carrot":1,"minecraft:andesite":11,"minecraft:flint":10,"minecraft:tuff":3,"minecraft:oak_log":4,"minecraft:waxed_copper_block":1,"minecraft:yellow_bed":6,"minecraft:lapis_lazuli":190,"minecraft:dirt":257,"minecraft:bone":49,"minecraft:stonecutter":4,"minecraft:bow":4,"minecraft:wheat_seeds":15,"minecraft:raw_gold":8,"minecraft:bell":1,"minecraft:iron_ingot":4,"minecraft:fletching_table":9,"minecraft:bamboo":19,"minecraft:oak_planks":75,"minecraft:oak_slab":1,"minecraft:gravel":43,"minecraft:sand":5,"minecraft:blast_furnace":4,"minecraft:spruce_log":210,"minecraft:white_bed":10,"minecraft:spider_eye":2,"minecraft:diamond":129,"minecraft:stone_axe":1,"minecraft:iron_helmet":1,"minecraft:breeze_rod":2,"minecraft:crossbow":1,"minecraft:granite":10,"minecraft:emerald":3,"minecraft:bread":2,"minecraft:baked_potato":2,"minecraft:oak_sapling":4,"minecraft:coal":39,"minecraft:diamond_pickaxe":1},"minecraft:mined":{"minecraft:tuff":2,"minecraft:white_bed":10,"minecraft:deepslate_diamond_ore":68,"minecraft:brewing_stand":7,"minecraft:granite":10,"minecraft:grass_block":225,"minecraft:decorated_pot":1,"minecraft:spruce_leaves":6,"minecraft:composter":7,"minecraft:magma_block":2,"minecraft:redstone_ore":8,"minecraft:furnace":2,"minecraft:cobbled_deepslate":15,"minecraft:iron_ore":31,"minecraft:fire":5,"minecraft:andesite":11,"minecraft:fletching_table":9,"minecraft:deepslate_lapis_ore":13,"minecraft:bell":1,"minecraft:water_cauldron":4,"minecraft:deepslate_iron_ore":34,"minecraft:packed_ice":2,"minecraft:waxed_weathered_copper_bulb":1,"minecraft:stone":244,"minecraft:smithing_table":8,"minecraft:deepslate_redstone_ore":27,"minecraft:oak_slab":1,"minecraft:clay":4,"minecraft:crafting_table":7,"minecraft:short_grass":56,"minecraft:blast_furnace":4,"minecraft:melon":2,"minecraft:tall_grass":5,"minecraft:cobblestone":13,"minecraft:deepslate_gold_ore":5,"minecraft:oak_planks":24,"minecraft:diorite":31,"minecraft:cauldron":5,"minecraft:spruce_log":211,"minecraft:yellow_bed":6,"minecraft:oak_log":4,"minecraft:coal_ore":34,"minecraft:sand":7,"minecraft:gravel":52,"minecraft:dirt":31,"minecraft:stonecutter":4,"minecraft:oak_leaves":5,"minecraft:deepslate":906,"minecraft:fern":1},"minecraft:killed_by":{"minecraft:stray":3,"minecraft:skeleton":1,"minecraft:zombie":1},"minecraft:killed":{"minecraft:spider":1,"minecraft:skeleton":7,"minecraft:pig":2,"minecraft:sheep":3,"minecraft:stray":13,"minecraft:breeze":2},"minecraft:broken":{"minecraft:iron_shovel":1,"minecraft:stone_pickaxe":1,"minecraft:shield":1,"minecraft:iron_pickaxe":1},"minecraft:used":{"minecraft:oak_trapdoor":6,"minecraft:iron_shovel":252,"minecraft:diamond_hoe":22,"minecraft:chest":2,"minecraft:shield":49,"minecraft:bell":1,"minecraft:rotten_flesh":1,"minecraft:trial_key":2,"minecraft:iron_chestplate":1,"minecraft:torch":1,"minecraft:brewing_stand":7,"minecraft:dirt":57,"minecraft:mutton":4,"minecraft:tuff":3,"minecraft:granite":8,"minecraft:big_dripleaf":3,"minecraft:lava_bucket":7,"minecraft:villager_spawn_egg":5,"minecraft:iron_axe":291,"minecraft:iron_helmet":1,"minecraft:iron_boots":1,"minecraft:magma_block":2,"minecraft:bow":34,"minecraft:ominous_bottle":1,"minecraft:furnace":2,"minecraft:oak_sapling":4,"minecraft:podzol":30,"minecraft:potato":6,"minecraft:cooked_beef":26,"minecraft:cobbled_deepslate":307,"minecraft:iron_leggings":1,"minecraft:wheat_seeds":13,"minecraft:water_bucket":5,"minecraft:stone_pickaxe":131,"minecraft:oak_planks":87,"minecraft:wooden_pickaxe":14,"minecraft:composter":7,"minecraft:fletching_table":12,"minecraft:cauldron":9,"minecraft:stonecutter":5,"minecraft:oak_slab":5,"minecraft:crafting_table":6,"minecraft:blast_furnace":7,"minecraft:white_bed":20,"minecraft:diamond_pickaxe":1071,"minecraft:diamond_shovel":58,"minecraft:melon_slice":12,"minecraft:iron_pickaxe":287,"minecraft:spruce_sapling":12,"minecraft:gravel":5,"minecraft:stone_axe":50,"minecraft:cobblestone":132,"minecraft:smithing_table":11,"minecraft:andesite":4,"minecraft:bucket":12,"minecraft:yellow_bed":5,"minecraft:oak_boat":1,"minecraft:bone_meal":19},"minecraft:crafted":{"minecraft:oak_planks":16,"minecraft:diamond_hoe":1,"minecraft:furnace":1,"minecraft:diamond_shovel":1,"minecraft:oak_trapdoor":8,"minecraft:diamond_leggings":1,"minecraft:diamond_helmet":1,"minecraft:iron_boots":1,"minecraft:bow":3,"minecraft:stone_pickaxe":1,"minecraft:chest":2,"minecraft:diamond_boots":1,"minecraft:oak_slab":6,"minecraft:crafting_table":1,"minecraft:wooden_pickaxe":1,"minecraft:iron_helmet":1,"minecraft:bucket":1,"minecraft:stone_axe":2,"minecraft:air":0,"minecraft:iron_chestplate":1,"minecraft:diamond_pickaxe":1,"minecraft:shield":2,"minecraft:stick":16,"minecraft:iron_pickaxe":2,"minecraft:iron_ingot":34,"minecraft:iron_shovel":1,"minecraft:iron_leggings":1,"minecraft:white_bed":1,"minecraft:diamond_chestplate":1},"minecraft:dropped":{"minecraft:porkchop":2,"minecraft:wheat_seeds":4,"minecraft:ominous_bottle":3,"minecraft:oak_log":64,"minecraft:iron_helmet":2,"minecraft:granite":2,"minecraft:dirt":2,"minecraft:waxed_weathered_copper_bulb":2,"minecraft:iron_leggings":1,"minecraft:sand":5,"minecraft:string":67,"minecraft:redstone":221,"minecraft:stone_axe":1,"minecraft:iron_nugget":3,"minecraft:rotten_flesh":2,"minecraft:clay_ball":32,"minecraft:iron_boots":1,"minecraft:filled_map":1,"minecraft:tipped_arrow":4,"minecraft:iron_chestplate":1,"minecraft:diamond_pickaxe":1,"minecraft:oak_boat":1,"minecraft:spider_eye":2,"minecraft:bamboo":3,"minecraft:arrow":1,"minecraft:wooden_pickaxe":1,"minecraft:quartz":1,"minecraft:brick":45,"minecraft:egg":1},"minecraft:custom":{"minecraft:interact_with_smithing_table":1,"minecraft:mob_kills":30,"minecraft:interact_with_crafting_table":29,"minecraft:open_barrel":4,"minecraft:bell_ring":43,"minecraft:leave_game":1,"minecraft:time_since_death":70160,"minecraft:climb_one_cm":4436,"minecraft:sprint_one_cm":370398,"minecraft:walk_one_cm":210874,"minecraft:damage_blocked_by_shield":2705,"minecraft:drop":50,"minecraft:talked_to_villager":39,"minecraft:play_time":1019110,"minecraft:deaths":6,"minecraft:sneak_time":34580,"minecraft:walk_under_water_one_cm":8761,"minecraft:boat_one_cm":25531,"minecraft:jump":2996,"minecraft:interact_with_blast_furnace":2,"minecraft:walk_on_water_one_cm":17146,"minecraft:enchant_item":1,"minecraft:total_world_time":1019110,"minecraft:interact_with_furnace":22,"minecraft:sleep_in_bed":4,"minecraft:time_since_rest":24644,"minecraft:damage_taken":3572,"minecraft:damage_dealt":3822,"minecraft:swim_one_cm":27941,"minecraft:fly_one_cm":1284718,"minecraft:player_kills":3,"minecraft:open_chest":57,"minecraft:crouch_one_cm":114664,"minecraft:fall_one_cm":67295,"minecraft:inspect_dispenser":5}},"DataVersion":3953}