{"stats":{"minecraft:broken":{"minecraft:stone_pickaxe":2,"minecraft:stone_axe":1,"minecraft:stone_shovel":1},"minecraft:crafted":{"minecraft:oak_planks":208,"minecraft:stone_shovel":3,"minecraft:iron_axe":3,"minecraft:stone_pickaxe":4,"minecraft:oak_slab":330,"minecraft:cauldron":1,"minecraft:crafting_table":1,"minecraft:stone_axe":4,"minecraft:air":0,"minecraft:stick":28,"minecraft:iron_pickaxe":3,"minecraft:iron_ingot":17,"minecraft:wooden_axe":1,"minecraft:iron_shovel":5,"minecraft:torch":24},"minecraft:killed":{"minecraft:vindicator":1,"minecraft:piglin":1,"minecraft:husk":6,"minecraft:rabbit":2,"minecraft:strider":1,"minecraft:squid":1,"minecraft:ghast":1,"minecraft:stray":1,"minecraft:blaze":1},"minecraft:used":{"minecraft:iron_shovel":169,"minecraft:stone_shovel":232,"minecraft:chest":6,"minecraft:torch":25,"minecraft:dirt":191,"minecraft:granite":2,"minecraft:milk_bucket":1,"minecraft:wooden_axe":26,"minecraft:iron_axe":61,"minecraft:grass_block":1,"minecraft:bedrock":1,"minecraft:bow":4,"minecraft:oak_sapling":9,"minecraft:egg":1,"minecraft:potato":1,"minecraft:oak_planks":9,"minecraft:stone_pickaxe":328,"minecraft:prismarine":1,"minecraft:cauldron":1,"minecraft:sand":1,"minecraft:yellow_terracotta":1,"minecraft:oak_slab":278,"minecraft:crafting_table":2,"minecraft:mushroom_stew":5,"minecraft:dead_fire_coral_block":6,"minecraft:diamond_pickaxe":69,"minecraft:red_sandstone":1,"minecraft:apple":2,"minecraft:iron_pickaxe":349,"minecraft:stone_axe":209,"minecraft:cobblestone":8},"minecraft:dropped":{"minecraft:wheat_seeds":3,"minecraft:oak_log":2,"minecraft:cobblestone":2,"minecraft:apple":1,"minecraft:granite":7,"minecraft:mushroom_stew":1,"minecraft:dirt":52,"minecraft:torch":19,"minecraft:snowball":36,"minecraft:iron_axe":2,"minecraft:iron_pickaxe":4,"minecraft:iron_shovel":1,"minecraft:birch_log":1,"minecraft:stone_axe":2,"minecraft:iron_nugget":4,"minecraft:stone_shovel":1,"minecraft:rotten_flesh":3,"minecraft:clay_ball":4,"minecraft:diamond_pickaxe":3,"minecraft:oak_sapling":1,"minecraft:chest":1,"minecraft:wooden_shovel":1,"minecraft:stone_pickaxe":1},"minecraft:custom":{"minecraft:mob_kills":23,"minecraft:interact_with_crafting_table":32,"minecraft:damage_dealt_resisted":84,"minecraft:leave_game":13,"minecraft:time_since_death":2978,"minecraft:sprint_one_cm":215549,"minecraft:walk_one_cm":94008,"minecraft:drop":35,"minecraft:talked_to_villager":4,"minecraft:play_time":170071,"minecraft:sneak_time":66682,"minecraft:deaths":14,"minecraft:walk_under_water_one_cm":2767,"minecraft:jump":820,"minecraft:walk_on_water_one_cm":669,"minecraft:total_world_time":170071,"minecraft:interact_with_furnace":22,"minecraft:time_since_rest":3005,"minecraft:damage_taken":10194,"minecraft:damage_dealt":4735,"minecraft:fly_one_cm":180935,"minecraft:player_kills":6,"minecraft:open_chest":237,"minecraft:crouch_one_cm":149577,"minecraft:fall_one_cm":86681},"minecraft:killed_by":{"endofherobrine:sheep":1,"minecraft:magma_cube":2,"minecraft:blaze":1,"minecraft:elder_guardian":1},"minecraft:picked_up":{"minecraft:crafting_table":1,"minecraft:clay_ball":28,"minecraft:gilded_blackstone":3,"minecraft:iron_axe":4,"minecraft:red_nether_bricks":7,"minecraft:netherite_scrap":1,"minecraft:iron_shovel":3,"minecraft:red_sand":16,"minecraft:spruce_planks":1,"minecraft:wooden_shovel":1,"minecraft:poppy":1,"minecraft:iron_pickaxe":8,"minecraft:melon_slice":3,"minecraft:chest":10,"minecraft:egg":1,"minecraft:stick":28,"minecraft:raw_iron":4,"minecraft:sandstone":7,"minecraft:torch":88,"minecraft:acacia_log":3,"minecraft:diorite":11,"minecraft:redstone":5,"minecraft:rotten_flesh":3,"minecraft:stone_shovel":4,"minecraft:yellow_terracotta":4,"minecraft:obsidian":1,"minecraft:snowball":76,"minecraft:cobblestone":60,"minecraft:birch_log":6,"minecraft:magma_block":5,"minecraft:andesite":10,"minecraft:potato":1,"minecraft:mushroom_stew":2,"minecraft:flint":2,"minecraft:prismarine_bricks":6,"minecraft:oak_log":47,"minecraft:lapis_lazuli":5,"minecraft:dirt":154,"minecraft:apple":3,"minecraft:bow":1,"minecraft:red_sandstone":1,"minecraft:wheat_seeds":6,"minecraft:rabbit_hide":2,"minecraft:iron_ingot":7,"minecraft:stone_pickaxe":4,"minecraft:glowstone_dust":22,"minecraft:prismarine":1,"minecraft:oak_planks":25,"minecraft:oak_slab":42,"minecraft:pumpkin":2,"minecraft:quartz":4,"minecraft:lava_bucket":1,"minecraft:gravel":15,"minecraft:dead_fire_coral_block":4,"minecraft:sand":4,"minecraft:spruce_log":7,"minecraft:red_terracotta":3,"minecraft:dark_oak_log":1,"minecraft:diamond":1,"minecraft:stone_axe":5,"minecraft:granite":48,"minecraft:oak_sapling":14,"minecraft:netherrack":3,"minecraft:coal":2,"minecraft:diamond_pickaxe":4},"minecraft:mined":{"minecraft:yellow_terracotta":21,"minecraft:nether_gold_ore":6,"minecraft:dark_prismarine":22,"minecraft:diamond_ore":5,"minecraft:oak_sapling":3,"minecraft:mossy_cobblestone":1,"minecraft:dark_oak_log":10,"minecraft:red_nether_bricks":7,"minecraft:sea_lantern":9,"minecraft:obsidian":3,"minecraft:nether_bricks":6,"minecraft:granite":36,"minecraft:red_sand":74,"minecraft:acacia_log":18,"minecraft:grass_block":88,"minecraft:dead_tube_coral_block":1,"minecraft:jungle_log":7,"minecraft:soul_soil":6,"minecraft:bubble_coral_block":5,"minecraft:tube_coral_block":2,"minecraft:sandstone":16,"minecraft:gilded_blackstone":4,"minecraft:magma_block":12,"minecraft:redstone_ore":20,"minecraft:glowstone":10,"minecraft:red_sandstone":20,"minecraft:iron_ore":24,"minecraft:fire":14,"minecraft:andesite":27,"minecraft:pumpkin":2,"minecraft:dead_horn_coral_block":1,"minecraft:shroomlight":8,"minecraft:dirt_path":2,"minecraft:packed_ice":15,"minecraft:stone":86,"minecraft:brain_coral_block":6,"minecraft:fire_coral_block":5,"minecraft:podzol":9,"minecraft:oak_slab":51,"minecraft:blackstone":11,"minecraft:soul_sand":21,"minecraft:dead_bubble_coral_block":1,"minecraft:crimson_nylium":2,"minecraft:snow_block":76,"minecraft:orange_terracotta":6,"minecraft:basalt":12,"minecraft:clay":34,"minecraft:crafting_table":1,"minecraft:torch":22,"minecraft:light_gray_terracotta":6,"minecraft:emerald_ore":7,"minecraft:sponge":2,"minecraft:melon":4,"minecraft:chest":33,"minecraft:nether_quartz_ore":7,"minecraft:cobblestone":8,"minecraft:lapis_ore":2,"minecraft:prismarine":25,"minecraft:oak_planks":8,"minecraft:diorite":18,"minecraft:warped_wart_block":7,"minecraft:prismarine_bricks":33,"minecraft:white_terracotta":7,"minecraft:dead_fire_coral_block":6,"minecraft:warped_nylium":16,"minecraft:red_terracotta":15,"minecraft:nether_wart_block":5,"minecraft:birch_log":13,"minecraft:spruce_log":17,"minecraft:oak_log":58,"minecraft:coal_ore":29,"minecraft:gravel":46,"minecraft:sand":48,"minecraft:dirt":47,"minecraft:brown_terracotta":12,"minecraft:terracotta":15,"minecraft:netherrack":7,"minecraft:gold_ore":3,"minecraft:oak_leaves":114,"minecraft:horn_coral_block":6,"minecraft:emerald_block":1}},"DataVersion":3120}