{"stats":{"minecraft:picked_up":{"minecraft:crafting_table":5,"minecraft:cooked_beef":2,"minecraft:ominous_bottle":1,"minecraft:golden_carrot":1,"minecraft:clay_ball":32,"minecraft:potion":1,"minecraft:tuff":3,"minecraft:oak_log":4,"minecraft:brick":64,"minecraft:dirt":5,"minecraft:string":3,"minecraft:iron_axe":1,"minecraft:bone":24,"minecraft:bow":4,"minecraft:wheat_seeds":3,"minecraft:cobbled_deepslate":307,"minecraft:iron_ingot":4,"minecraft:trial_key":6,"minecraft:oak_boat":2,"minecraft:iron_nugget":2,"minecraft:bamboo":3,"minecraft:melon_slice":12,"minecraft:oak_planks":15,"minecraft:furnace":2,"minecraft:tipped_arrow":24,"minecraft:raw_iron":43,"minecraft:big_dripleaf":3,"minecraft:torch":12,"minecraft:flow_pottery_sherd":1,"minecraft:waxed_weathered_copper_bulb":2,"minecraft:redstone":13,"minecraft:music_disc_creator_music_box":1,"minecraft:spider_eye":2,"minecraft:arrow":34,"minecraft:rotten_flesh":1,"minecraft:diamond":12,"minecraft:stone_axe":1,"minecraft:granite":10,"minecraft:bread":2,"minecraft:gold_ingot":7,"minecraft:emerald":3,"minecraft:baked_potato":2,"minecraft:oak_sapling":4,"minecraft:mutton":4,"minecraft:coal":20,"minecraft:white_wool":3,"minecraft:cobblestone":68,"minecraft:diamond_pickaxe":1},"minecraft:mined":{"minecraft:deepslate_redstone_ore":3,"minecraft:tuff":2,"minecraft:deepslate_diamond_ore":12,"minecraft:clay":4,"minecraft:crafting_table":7,"minecraft:granite":10,"minecraft:short_grass":8,"minecraft:melon":2,"minecraft:decorated_pot":1,"minecraft:tall_grass":3,"minecraft:cobblestone":7,"minecraft:oak_planks":12,"minecraft:furnace":2,"minecraft:iron_ore":29,"minecraft:fire":5,"minecraft:cobbled_deepslate":12,"minecraft:coal_ore":13,"minecraft:oak_log":4,"minecraft:deepslate_iron_ore":12,"minecraft:dirt":4,"minecraft:packed_ice":2,"minecraft:stone":59,"minecraft:waxed_weathered_copper_bulb":1,"minecraft:oak_leaves":2,"minecraft:deepslate":331,"minecraft:fern":1},"minecraft:killed_by":{"minecraft:skeleton":1,"minecraft:stray":2,"minecraft:zombie":1},"minecraft:killed":{"minecraft:sheep":3,"minecraft:skeleton":7,"minecraft:stray":13},"minecraft:used":{"minecraft:water_bucket":1,"minecraft:stone_pickaxe":131,"minecraft:oak_planks":1,"minecraft:wooden_pickaxe":14,"minecraft:shield":49,"minecraft:rotten_flesh":1,"minecraft:trial_key":2,"minecraft:iron_chestplate":1,"minecraft:dirt":3,"minecraft:mutton":4,"minecraft:crafting_table":6,"minecraft:tuff":3,"minecraft:granite":8,"minecraft:big_dripleaf":3,"minecraft:diamond_pickaxe":74,"minecraft:lava_bucket":7,"minecraft:iron_pickaxe":287,"minecraft:iron_axe":10,"minecraft:melon_slice":12,"minecraft:iron_helmet":1,"minecraft:iron_boots":1,"minecraft:stone_axe":50,"minecraft:cobblestone":52,"minecraft:bow":34,"minecraft:ominous_bottle":1,"minecraft:oak_sapling":4,"minecraft:furnace":2,"minecraft:cooked_beef":18,"minecraft:bucket":9,"minecraft:oak_boat":1,"minecraft:cobbled_deepslate":157,"minecraft:iron_leggings":1},"minecraft:broken":{"minecraft:stone_pickaxe":1,"minecraft:shield":1,"minecraft:iron_pickaxe":1},"minecraft:crafted":{"minecraft:oak_planks":16,"minecraft:crafting_table":1,"minecraft:iron_helmet":1,"minecraft:wooden_pickaxe":1,"minecraft:furnace":1,"minecraft:bucket":1,"minecraft:stone_axe":2,"minecraft:air":0,"minecraft:bow":3,"minecraft:iron_boots":1,"minecraft:iron_chestplate":1,"minecraft:diamond_pickaxe":1,"minecraft:shield":2,"minecraft:stick":12,"minecraft:iron_ingot":34,"minecraft:iron_pickaxe":2,"minecraft:stone_pickaxe":1,"minecraft:iron_leggings":1},"minecraft:dropped":{"minecraft:stone_axe":1,"minecraft:wheat_seeds":3,"minecraft:iron_nugget":3,"minecraft:clay_ball":32,"minecraft:granite":2,"minecraft:filled_map":1,"minecraft:dirt":2,"minecraft:tipped_arrow":4,"minecraft:waxed_weathered_copper_bulb":2,"minecraft:diamond_pickaxe":1,"minecraft:oak_boat":1,"minecraft:spider_eye":2,"minecraft:bamboo":3,"minecraft:arrow":1,"minecraft:wooden_pickaxe":1,"minecraft:string":3,"minecraft:brick":45,"minecraft:redstone":13},"minecraft:custom":{"minecraft:interact_with_furnace":20,"minecraft:mob_kills":24,"minecraft:interact_with_crafting_table":20,"minecraft:leave_game":1,"minecraft:time_since_death":83122,"minecraft:sleep_in_bed":1,"minecraft:climb_one_cm":3335,"minecraft:time_since_rest":83157,"minecraft:sprint_one_cm":199476,"minecraft:damage_taken":3219,"minecraft:walk_one_cm":91152,"minecraft:damage_blocked_by_shield":2705,"minecraft:drop":29,"minecraft:damage_dealt":2924,"minecraft:player_kills":1,"minecraft:swim_one_cm":27941,"minecraft:fly_one_cm":992540,"minecraft:open_chest":9,"minecraft:play_time":174881,"minecraft:crouch_one_cm":36481,"minecraft:deaths":5,"minecraft:sneak_time":15982,"minecraft:walk_under_water_one_cm":7625,"minecraft:boat_one_cm":25531,"minecraft:jump":1676,"minecraft:walk_on_water_one_cm":14883,"minecraft:total_world_time":174881,"minecraft:inspect_dispenser":5,"minecraft:fall_one_cm":40966}},"DataVersion":3953}