{"stats":{"minecraft:picked_up":{"minecraft:smithing_table":8,"minecraft:diamond_sword":1,"minecraft:enchanted_book":9,"minecraft:potion":1,"minecraft:brewing_stand":7,"minecraft:string":8,"minecraft:gold_nugget":45,"minecraft:cobbled_deepslate":883,"minecraft:trial_key":6,"minecraft:melon_slice":12,"minecraft:furnace":4,"minecraft:tipped_arrow":24,"minecraft:stick":21,"minecraft:composter":7,"minecraft:big_dripleaf":3,"minecraft:torch":14,"minecraft:porkchop":2,"minecraft:waxed_weathered_copper_bulb":2,"minecraft:diorite":31,"minecraft:cauldron":14,"minecraft:rotten_flesh":19,"minecraft:obsidian":16,"minecraft:cobblestone":262,"minecraft:magma_block":7,"minecraft:cooked_beef":2,"minecraft:magma_cream":2,"minecraft:andesite":11,"minecraft:flint":10,"minecraft:tuff":124,"minecraft:lapis_lazuli":190,"minecraft:dirt":274,"minecraft:bone":50,"minecraft:stonecutter":4,"minecraft:bow":5,"minecraft:wheat_seeds":16,"minecraft:raw_gold":8,"minecraft:bell":1,"minecraft:grindstone":1,"minecraft:fletching_table":9,"minecraft:bamboo":36,"minecraft:oak_planks":81,"minecraft:cooked_porkchop":9,"minecraft:sand":5,"minecraft:grass_block":1,"minecraft:diamond":129,"minecraft:breeze_rod":2,"minecraft:crossbow":2,"minecraft:granite":10,"minecraft:emerald":79,"minecraft:bread":2,"minecraft:oak_sapling":4,"minecraft:netherrack":1224,"minecraft:diamond_pickaxe":3,"minecraft:crafting_table":5,"minecraft:ominous_bottle":1,"minecraft:clay_ball":32,"minecraft:brick":64,"minecraft:oak_trapdoor":7,"minecraft:iron_axe":2,"minecraft:flint_and_steel":1,"minecraft:blackstone":25,"minecraft:oak_boat":2,"minecraft:iron_nugget":2,"minecraft:lectern":201,"minecraft:chest":1,"minecraft:egg":1,"minecraft:raw_iron":87,"minecraft:stone":8,"minecraft:flow_pottery_sherd":1,"minecraft:redstone":221,"minecraft:music_disc_creator_music_box":1,"minecraft:arrow":40,"minecraft:gold_ingot":7,"minecraft:mutton":6,"minecraft:white_wool":4,"minecraft:basalt":33,"minecraft:golden_carrot":1,"minecraft:oak_log":4,"minecraft:waxed_copper_block":1,"minecraft:ancient_debris":20,"minecraft:yellow_bed":6,"minecraft:gunpowder":2,"minecraft:cooked_mutton":3,"minecraft:iron_ingot":4,"minecraft:book":13,"minecraft:oak_slab":1,"minecraft:quartz":128,"minecraft:gravel":43,"minecraft:spruce_sapling":34,"minecraft:blast_furnace":4,"minecraft:white_bed":10,"minecraft:spruce_log":210,"minecraft:spider_eye":5,"minecraft:leather_helmet":1,"minecraft:stone_axe":2,"minecraft:iron_helmet":1,"minecraft:warped_roots":3,"minecraft:baked_potato":2,"minecraft:coal":39},"minecraft:mined":{"minecraft:white_bed":10,"minecraft:brewing_stand":7,"minecraft:obsidian":16,"minecraft:granite":10,"minecraft:grass_block":230,"minecraft:composter":7,"minecraft:magma_block":12,"minecraft:cobbled_deepslate":15,"minecraft:iron_ore":31,"minecraft:fire":12,"minecraft:fletching_table":9,"minecraft:deepslate_lapis_ore":13,"minecraft:water_cauldron":4,"minecraft:deepslate_redstone_ore":27,"minecraft:blackstone":63,"minecraft:clay":4,"minecraft:blast_furnace":4,"minecraft:melon":2,"minecraft:chest":1,"minecraft:nether_quartz_ore":42,"minecraft:cobblestone":13,"minecraft:grindstone":1,"minecraft:oak_planks":30,"minecraft:cauldron":10,"minecraft:warped_nylium":11,"minecraft:oak_log":4,"minecraft:sand":7,"minecraft:dirt":34,"minecraft:stonecutter":4,"minecraft:netherrack":3235,"minecraft:ancient_debris":19,"minecraft:oak_leaves":7,"minecraft:deepslate":906,"minecraft:nether_gold_ore":4,"minecraft:tuff":5,"minecraft:deepslate_diamond_ore":68,"minecraft:decorated_pot":1,"minecraft:spruce_leaves":7,"minecraft:redstone_ore":8,"minecraft:oak_trapdoor":7,"minecraft:furnace":2,"minecraft:nether_sprouts":2,"minecraft:andesite":11,"minecraft:bell":1,"minecraft:bookshelf":4,"minecraft:deepslate_iron_ore":34,"minecraft:packed_ice":2,"minecraft:waxed_weathered_copper_bulb":1,"minecraft:stone":247,"minecraft:podzol":9,"minecraft:smithing_table":8,"minecraft:oak_slab":1,"minecraft:basalt":36,"minecraft:crafting_table":7,"minecraft:short_grass":74,"minecraft:warped_roots":1,"minecraft:lectern":201,"minecraft:tall_grass":5,"minecraft:deepslate_gold_ore":5,"minecraft:diorite":31,"minecraft:spruce_log":211,"minecraft:yellow_bed":6,"minecraft:coal_ore":34,"minecraft:gravel":52,"minecraft:fern":1},"minecraft:killed_by":{"minecraft:zombie":1,"minecraft:stray":3,"minecraft:skeleton":1},"minecraft:killed":{"minecraft:spider":3,"minecraft:skeleton":10,"minecraft:magma_cube":4,"minecraft:pig":4,"minecraft:creeper":1,"minecraft:sheep":4,"minecraft:zombie":6,"minecraft:stray":13,"minecraft:breeze":2,"minecraft:villager":6},"minecraft:broken":{"minecraft:iron_shovel":1,"minecraft:stone_pickaxe":1,"minecraft:flint_and_steel":1,"minecraft:shield":1,"minecraft:iron_pickaxe":1},"minecraft:used":{"minecraft:iron_shovel":252,"minecraft:diamond_hoe":22,"minecraft:chest":7,"minecraft:shield":49,"minecraft:bell":1,"minecraft:rotten_flesh":1,"minecraft:iron_chestplate":1,"minecraft:mutton":4,"minecraft:tuff":6,"minecraft:obsidian":16,"minecraft:big_dripleaf":3,"minecraft:lava_bucket":7,"minecraft:villager_spawn_egg":15,"minecraft:grass_block":1,"minecraft:iron_helmet":1,"minecraft:magma_block":2,"minecraft:bow":34,"minecraft:ominous_bottle":1,"minecraft:furnace":2,"minecraft:oak_sapling":4,"minecraft:potato":6,"minecraft:stone_pickaxe":131,"minecraft:oak_planks":144,"minecraft:blackstone":21,"minecraft:wooden_pickaxe":14,"minecraft:composter":7,"minecraft:white_wool":1,"minecraft:blast_furnace":7,"minecraft:crossbow":4,"minecraft:melon_slice":12,"minecraft:lectern":205,"minecraft:gravel":5,"minecraft:diamond_sword":31,"minecraft:grindstone":1,"minecraft:smithing_table":11,"minecraft:andesite":4,"minecraft:oak_boat":1,"minecraft:bone_meal":21,"minecraft:oak_trapdoor":20,"minecraft:flint_and_steel":7,"minecraft:trial_key":2,"minecraft:netherrack":9,"minecraft:torch":1,"minecraft:brewing_stand":7,"minecraft:dirt":64,"minecraft:anvil":2,"minecraft:granite":8,"minecraft:bookshelf":4,"minecraft:iron_axe":532,"minecraft:iron_boots":1,"minecraft:bamboo":4,"minecraft:diamond_chestplate":1,"minecraft:basalt":12,"minecraft:podzol":30,"minecraft:cooked_beef":35,"minecraft:cobbled_deepslate":307,"minecraft:iron_leggings":1,"minecraft:wheat_seeds":13,"minecraft:cooked_mutton":3,"minecraft:water_bucket":7,"minecraft:cauldron":10,"minecraft:fletching_table":12,"minecraft:stonecutter":5,"minecraft:oak_slab":5,"minecraft:crafting_table":6,"minecraft:white_bed":24,"minecraft:diamond_pickaxe":4522,"minecraft:diamond_shovel":77,"minecraft:iron_pickaxe":287,"minecraft:spruce_sapling":28,"minecraft:stone_axe":50,"minecraft:cobblestone":135,"minecraft:bucket":14,"minecraft:yellow_bed":5},"minecraft:crafted":{"minecraft:oak_planks":16,"minecraft:chainmail_helmet":24,"minecraft:diamond_shovel":1,"minecraft:bookshelf":4,"minecraft:diamond_helmet":1,"minecraft:diamond_leggings":1,"minecraft:bow":27,"minecraft:iron_boots":25,"minecraft:chest":6,"minecraft:oak_slab":6,"minecraft:arrow":352,"minecraft:emerald":150,"minecraft:diamond_axe":1,"minecraft:crafting_table":1,"minecraft:spruce_planks":840,"minecraft:wooden_pickaxe":1,"minecraft:iron_helmet":13,"minecraft:chainmail_chestplate":12,"minecraft:iron_chestplate":13,"minecraft:diamond_pickaxe":1,"minecraft:shield":14,"minecraft:stick":1700,"minecraft:iron_pickaxe":2,"minecraft:iron_ingot":34,"minecraft:netherite_ingot":16,"minecraft:stone_shovel":62,"minecraft:diamond_hoe":8,"minecraft:furnace":1,"minecraft:oak_trapdoor":8,"minecraft:stone_pickaxe":1,"minecraft:diamond_boots":1,"minecraft:netherite_scrap":64,"minecraft:chainmail_leggings":11,"minecraft:crossbow":24,"minecraft:bucket":1,"minecraft:stone_axe":26,"minecraft:enchanted_book":17,"minecraft:air":0,"minecraft:iron_shovel":1,"minecraft:iron_leggings":22,"minecraft:white_bed":1,"minecraft:diamond_chestplate":1},"minecraft:dropped":{"minecraft:porkchop":2,"minecraft:ominous_bottle":3,"minecraft:oak_log":64,"minecraft:crossbow":25,"minecraft:warped_roots":3,"minecraft:leather_helmet":1,"minecraft:emerald":287,"minecraft:dirt":12,"minecraft:mutton":2,"minecraft:sand":5,"minecraft:stone_axe":26,"minecraft:blackstone":4,"minecraft:ancient_debris":1,"minecraft:iron_nugget":3,"minecraft:rotten_flesh":14,"minecraft:chainmail_chestplate":12,"minecraft:tipped_arrow":4,"minecraft:gunpowder":2,"minecraft:basalt":21,"minecraft:arrow":1,"minecraft:quartz":65,"minecraft:netherrack":397,"minecraft:lectern":1,"minecraft:egg":1,"minecraft:wheat_seeds":5,"minecraft:iron_helmet":14,"minecraft:granite":2,"minecraft:chainmail_helmet":24,"minecraft:waxed_weathered_copper_bulb":2,"minecraft:iron_leggings":22,"minecraft:iron_axe":1,"minecraft:chainmail_leggings":11,"minecraft:string":67,"minecraft:spruce_sapling":1,"minecraft:redstone":221,"minecraft:oak_trapdoor":1,"minecraft:tuff":118,"minecraft:diamond_hoe":8,"minecraft:stone_shovel":62,"minecraft:clay_ball":32,"minecraft:iron_boots":25,"minecraft:filled_map":1,"minecraft:stone":8,"minecraft:shield":12,"minecraft:iron_chestplate":13,"minecraft:diamond_pickaxe":2,"minecraft:oak_boat":1,"minecraft:spider_eye":2,"minecraft:bamboo":16,"minecraft:bow":6,"minecraft:wooden_pickaxe":1,"minecraft:magma_block":5,"minecraft:brick":45},"minecraft:custom":{"minecraft:interact_with_crafting_table":38,"minecraft:open_barrel":4,"minecraft:bell_ring":43,"minecraft:leave_game":2,"minecraft:time_since_death":9433,"minecraft:sprint_one_cm":579248,"minecraft:damage_blocked_by_shield":2705,"minecraft:drop":348,"minecraft:talked_to_villager":484,"minecraft:play_time":1151024,"minecraft:deaths":7,"minecraft:jump":4703,"minecraft:walk_on_water_one_cm":29462,"minecraft:enchant_item":41,"minecraft:interact_with_furnace":27,"minecraft:traded_with_villager":462,"minecraft:sleep_in_bed":6,"minecraft:damage_dealt":7178,"minecraft:player_kills":3,"minecraft:crouch_one_cm":142460,"minecraft:inspect_dispenser":5,"minecraft:interact_with_smithing_table":2,"minecraft:mob_kills":57,"minecraft:interact_with_anvil":22,"minecraft:climb_one_cm":6038,"minecraft:walk_one_cm":459306,"minecraft:sneak_time":40486,"minecraft:walk_under_water_one_cm":13133,"minecraft:boat_one_cm":25531,"minecraft:interact_with_blast_furnace":29,"minecraft:total_world_time":1151024,"minecraft:interact_with_grindstone":1,"minecraft:time_since_rest":9458,"minecraft:damage_taken":4164,"minecraft:swim_one_cm":107321,"minecraft:fly_one_cm":1645134,"minecraft:open_chest":120,"minecraft:fall_one_cm":105729}},"DataVersion":3953}