{"stats":{"minecraft:picked_up":{"minecraft:smithing_table":8,"minecraft:diamond_sword":1,"minecraft:potion":1,"minecraft:enchanted_book":9,"minecraft:brewing_stand":7,"minecraft:string":22,"minecraft:netherite_ingot":1,"minecraft:gold_nugget":45,"minecraft:cobbled_deepslate":888,"minecraft:comparator":6,"minecraft:trial_key":6,"minecraft:redstone_torch":5,"minecraft:netherite_upgrade_smithing_template":1,"minecraft:melon_slice":12,"minecraft:furnace":4,"minecraft:tipped_arrow":24,"minecraft:stick":28,"minecraft:composter":7,"minecraft:big_dripleaf":3,"minecraft:torch":16,"minecraft:porkchop":2,"minecraft:waxed_weathered_copper_bulb":2,"minecraft:diorite":31,"minecraft:cauldron":14,"minecraft:rotten_flesh":56,"minecraft:obsidian":16,"minecraft:cobblestone":263,"minecraft:magma_block":7,"minecraft:magma_cream":2,"minecraft:cooked_beef":2,"minecraft:repeater":27,"minecraft:water_bucket":1,"minecraft:andesite":11,"minecraft:flint":10,"minecraft:tuff":1217,"minecraft:lapis_lazuli":190,"minecraft:dirt":302,"minecraft:bone":123,"minecraft:stonecutter":4,"minecraft:bow":5,"minecraft:wheat_seeds":40,"minecraft:raw_gold":8,"minecraft:bell":1,"minecraft:grindstone":1,"minecraft:fletching_table":9,"minecraft:bamboo":84,"minecraft:oak_planks":81,"minecraft:chiseled_polished_blackstone":4,"minecraft:cooked_porkchop":9,"minecraft:sand":5,"minecraft:grass_block":1,"minecraft:dispenser":10,"minecraft:diamond":155,"minecraft:lever":1,"minecraft:cracked_polished_blackstone_bricks":16,"minecraft:granite":10,"minecraft:crossbow":2,"minecraft:breeze_rod":2,"minecraft:emerald":79,"minecraft:bread":2,"minecraft:oak_sapling":4,"minecraft:netherrack":1292,"minecraft:diamond_pickaxe":3,"minecraft:crafting_table":5,"minecraft:ominous_bottle":1,"minecraft:clay_ball":32,"minecraft:gold_block":10,"minecraft:brick":64,"minecraft:oak_trapdoor":7,"minecraft:iron_axe":2,"minecraft:flint_and_steel":1,"minecraft:blackstone":40,"minecraft:oak_boat":2,"minecraft:observer":11,"minecraft:iron_nugget":2,"minecraft:lectern":201,"minecraft:chest":64,"minecraft:egg":1,"minecraft:lime_wool":7,"minecraft:raw_iron":87,"minecraft:stone":8,"minecraft:polished_blackstone_bricks":16,"minecraft:flow_pottery_sherd":1,"minecraft:redstone":221,"minecraft:music_disc_creator_music_box":1,"minecraft:arrow":84,"minecraft:nether_bricks":8,"minecraft:gold_ingot":7,"minecraft:mutton":6,"minecraft:white_wool":4,"minecraft:basalt":33,"minecraft:golden_carrot":1,"minecraft:oak_log":4,"minecraft:waxed_copper_block":1,"minecraft:ancient_debris":20,"minecraft:yellow_bed":6,"minecraft:gunpowder":32,"minecraft:cooked_mutton":3,"minecraft:iron_ingot":5,"minecraft:book":13,"minecraft:scaffolding":373,"minecraft:oak_slab":1,"minecraft:quartz":128,"minecraft:gravel":43,"minecraft:tuff_slab":1079,"minecraft:spruce_sapling":38,"minecraft:blast_furnace":4,"minecraft:white_bed":10,"minecraft:spruce_log":546,"minecraft:spider_eye":11,"minecraft:leather_helmet":1,"minecraft:stone_axe":2,"minecraft:iron_helmet":1,"minecraft:warped_roots":3,"minecraft:baked_potato":2,"minecraft:netherite_hoe":1,"minecraft:coal":39,"minecraft:hopper":24},"minecraft:mined":{"minecraft:white_bed":10,"minecraft:brewing_stand":7,"minecraft:obsidian":16,"minecraft:granite":10,"minecraft:chiseled_polished_blackstone":4,"minecraft:grass_block":230,"minecraft:cracked_polished_blackstone_bricks":16,"minecraft:composter":7,"minecraft:hopper":25,"minecraft:polished_blackstone_bricks":17,"minecraft:tall_seagrass":6,"minecraft:magma_block":13,"minecraft:iron_ore":31,"minecraft:cobbled_deepslate":15,"minecraft:fire":12,"minecraft:fletching_table":9,"minecraft:deepslate_lapis_ore":13,"minecraft:water_cauldron":4,"minecraft:deepslate_redstone_ore":27,"minecraft:blackstone":79,"minecraft:clay":4,"minecraft:torch":1,"minecraft:blast_furnace":4,"minecraft:melon":2,"minecraft:chest":12,"minecraft:nether_quartz_ore":42,"minecraft:cobblestone":14,"minecraft:grindstone":1,"minecraft:oak_planks":30,"minecraft:cauldron":10,"minecraft:seagrass":2,"minecraft:warped_nylium":11,"minecraft:oak_log":4,"minecraft:sand":7,"minecraft:dirt":39,"minecraft:stonecutter":4,"minecraft:netherrack":3315,"minecraft:ancient_debris":19,"minecraft:oak_leaves":7,"minecraft:deepslate":915,"minecraft:nether_gold_ore":4,"minecraft:tuff":303,"minecraft:deepslate_diamond_ore":81,"minecraft:nether_bricks":8,"minecraft:decorated_pot":1,"minecraft:lime_wool":7,"minecraft:spruce_leaves":13,"minecraft:redstone_ore":8,"minecraft:oak_trapdoor":7,"minecraft:furnace":2,"minecraft:nether_sprouts":2,"minecraft:andesite":11,"minecraft:gold_block":10,"minecraft:bell":1,"minecraft:bookshelf":4,"minecraft:deepslate_iron_ore":34,"minecraft:packed_ice":2,"minecraft:bamboo_sapling":1,"minecraft:waxed_weathered_copper_bulb":1,"minecraft:stone":247,"minecraft:podzol":9,"minecraft:smithing_table":8,"minecraft:oak_slab":1,"minecraft:scaffolding":10,"minecraft:basalt":41,"minecraft:crafting_table":7,"minecraft:tuff_slab":31,"minecraft:short_grass":158,"minecraft:warped_roots":1,"minecraft:lectern":201,"minecraft:tall_grass":5,"minecraft:deepslate_gold_ore":5,"minecraft:diorite":31,"minecraft:spruce_log":545,"minecraft:yellow_bed":6,"minecraft:coal_ore":34,"minecraft:gravel":52,"minecraft:fern":1},"minecraft:killed_by":{"minecraft:zombie":1,"minecraft:player":3,"minecraft:stray":3,"minecraft:skeleton":1},"minecraft:killed":{"minecraft:witch":3,"minecraft:spider":7,"minecraft:skeleton":355,"minecraft:piglin_brute":3,"minecraft:magma_cube":4,"minecraft:piglin":10,"minecraft:pig":4,"minecraft:zombie_villager":1,"minecraft:creeper":318,"minecraft:sheep":4,"minecraft:zombie":281,"minecraft:stray":13,"minecraft:drowned":1,"minecraft:breeze":2,"minecraft:villager":6},"minecraft:broken":{"minecraft:iron_shovel":1,"minecraft:stone_pickaxe":1,"minecraft:flint_and_steel":1,"minecraft:shield":1,"minecraft:iron_pickaxe":1},"minecraft:used":{"minecraft:tuff_slab":1328,"minecraft:iron_shovel":252,"minecraft:dispenser":11,"minecraft:diamond_hoe":22,"minecraft:oak_sign":21,"minecraft:shield":51,"minecraft:chest":78,"minecraft:bell":1,"minecraft:rotten_flesh":1,"minecraft:iron_chestplate":1,"minecraft:spruce_leaves":54,"minecraft:mutton":4,"minecraft:nether_bricks":8,"minecraft:tuff":1136,"minecraft:obsidian":16,"minecraft:big_dripleaf":3,"minecraft:lava_bucket":7,"minecraft:netherite_shovel":4,"minecraft:villager_spawn_egg":15,"minecraft:grass_block":1,"minecraft:iron_helmet":1,"minecraft:hopper_minecart":1,"minecraft:repeater":29,"minecraft:magma_block":2,"minecraft:bow":34,"minecraft:scaffolding":146,"minecraft:ominous_bottle":1,"minecraft:oak_sapling":4,"minecraft:furnace":2,"minecraft:potato":6,"minecraft:stone_pickaxe":131,"minecraft:powered_rail":12,"minecraft:oak_planks":144,"minecraft:blackstone":21,"minecraft:wooden_pickaxe":14,"minecraft:redstone_block":3,"minecraft:composter":7,"minecraft:white_wool":1,"minecraft:loom":1,"minecraft:blast_furnace":7,"minecraft:crossbow":4,"minecraft:creeper_spawn_egg":1,"minecraft:redstone_torch":5,"minecraft:lever":1,"minecraft:melon_slice":12,"minecraft:lectern":205,"minecraft:gravel":5,"minecraft:diamond_sword":69,"minecraft:grindstone":1,"minecraft:smithing_table":11,"minecraft:andesite":4,"minecraft:oak_boat":1,"minecraft:bone_meal":21,"minecraft:oak_trapdoor":20,"minecraft:netherite_sword":409,"minecraft:flint_and_steel":7,"minecraft:redstone":22,"minecraft:trial_key":2,"minecraft:netherrack":97,"minecraft:torch":11,"minecraft:brewing_stand":7,"minecraft:dirt":94,"minecraft:anvil":2,"minecraft:hopper":87,"minecraft:granite":8,"minecraft:bookshelf":4,"minecraft:iron_axe":532,"minecraft:iron_boots":1,"minecraft:bamboo":5,"minecraft:diamond_chestplate":1,"minecraft:basalt":12,"minecraft:podzol":30,"minecraft:netherite_pickaxe":431,"minecraft:cooked_beef":49,"minecraft:cobbled_deepslate":312,"minecraft:observer":13,"minecraft:iron_leggings":1,"minecraft:wheat_seeds":13,"minecraft:cooked_mutton":3,"minecraft:water_bucket":165,"minecraft:lime_wool":53,"minecraft:cauldron":10,"minecraft:fletching_table":12,"minecraft:stonecutter":5,"minecraft:rail":21,"minecraft:comparator":7,"minecraft:crafting_table":6,"minecraft:oak_slab":5,"minecraft:white_bed":24,"minecraft:spruce_log":3,"minecraft:diamond_pickaxe":4627,"minecraft:diamond_shovel":77,"minecraft:iron_pickaxe":287,"minecraft:netherite_axe":352,"minecraft:spruce_sapling":28,"minecraft:stone_axe":50,"minecraft:cobblestone":135,"minecraft:bucket":20,"minecraft:yellow_bed":5},"minecraft:crafted":{"minecraft:oak_planks":16,"minecraft:chainmail_helmet":24,"minecraft:diamond_shovel":1,"minecraft:bookshelf":4,"minecraft:hopper":62,"minecraft:diamond_helmet":1,"minecraft:bow":27,"minecraft:diamond_leggings":1,"minecraft:iron_boots":25,"minecraft:netherite_boots":5,"minecraft:chest":128,"minecraft:netherite_helmet":6,"minecraft:netherite_upgrade_smithing_template":6,"minecraft:oak_slab":6,"minecraft:arrow":352,"minecraft:emerald":150,"minecraft:diamond_axe":1,"minecraft:crafting_table":1,"minecraft:spruce_planks":1864,"minecraft:wooden_pickaxe":1,"minecraft:iron_helmet":13,"minecraft:chainmail_chestplate":12,"minecraft:iron_chestplate":13,"minecraft:diamond_pickaxe":1,"minecraft:shield":15,"minecraft:stick":1764,"minecraft:iron_pickaxe":2,"minecraft:iron_ingot":34,"minecraft:netherite_ingot":16,"minecraft:stone_shovel":62,"minecraft:netherite_sword":1,"minecraft:diamond_hoe":9,"minecraft:furnace":1,"minecraft:oak_trapdoor":8,"minecraft:netherite_chestplate":6,"minecraft:netherite_axe":1,"minecraft:netherite_leggings":6,"minecraft:stone_pickaxe":1,"minecraft:diamond_boots":1,"minecraft:netherite_scrap":64,"minecraft:chainmail_leggings":11,"minecraft:crossbow":24,"minecraft:netherite_pickaxe":2,"minecraft:bucket":1,"minecraft:stone_axe":26,"minecraft:enchanted_book":17,"minecraft:air":0,"minecraft:netherite_shovel":1,"minecraft:iron_shovel":1,"minecraft:iron_leggings":22,"minecraft:white_bed":1,"minecraft:diamond_chestplate":1},"minecraft:dropped":{"minecraft:porkchop":2,"minecraft:ominous_bottle":3,"minecraft:oak_log":64,"minecraft:crossbow":25,"minecraft:warped_roots":3,"minecraft:leather_helmet":1,"minecraft:emerald":287,"minecraft:spruce_leaves":1,"minecraft:dirt":12,"minecraft:mutton":2,"minecraft:sand":5,"minecraft:bone":37,"minecraft:tuff_slab":65,"minecraft:stone_axe":26,"minecraft:blackstone":4,"minecraft:ancient_debris":1,"minecraft:iron_nugget":3,"minecraft:rotten_flesh":25,"minecraft:chainmail_chestplate":12,"minecraft:tipped_arrow":4,"minecraft:gunpowder":17,"minecraft:chest":1,"minecraft:basalt":21,"minecraft:arrow":1,"minecraft:quartz":65,"minecraft:netherrack":400,"minecraft:lectern":1,"minecraft:egg":1,"minecraft:water_bucket":1,"minecraft:iron_ingot":1,"minecraft:wheat_seeds":28,"minecraft:netherite_chestplate":1,"minecraft:iron_helmet":14,"minecraft:cobblestone":1,"minecraft:granite":2,"minecraft:chainmail_helmet":24,"minecraft:stick":66,"minecraft:waxed_weathered_copper_bulb":2,"minecraft:iron_leggings":22,"minecraft:iron_axe":1,"minecraft:flow_banner_pattern":1,"minecraft:chainmail_leggings":11,"minecraft:string":69,"minecraft:spruce_sapling":1,"minecraft:redstone":221,"minecraft:netherite_hoe":1,"minecraft:oak_trapdoor":1,"minecraft:netherite_ingot":7,"minecraft:tuff":433,"minecraft:diamond_hoe":8,"minecraft:stone_shovel":62,"minecraft:clay_ball":32,"minecraft:iron_boots":25,"minecraft:filled_map":1,"minecraft:stone":8,"minecraft:shield":12,"minecraft:iron_chestplate":13,"minecraft:diamond_pickaxe":2,"minecraft:oak_boat":1,"minecraft:spider_eye":2,"minecraft:bamboo":57,"minecraft:bow":6,"minecraft:wooden_pickaxe":1,"minecraft:magma_block":5,"minecraft:brick":45},"minecraft:custom":{"minecraft:interact_with_crafting_table":53,"minecraft:open_barrel":4,"minecraft:bell_ring":43,"minecraft:leave_game":4,"minecraft:time_since_death":328501,"minecraft:sprint_one_cm":787069,"minecraft:damage_blocked_by_shield":2960,"minecraft:drop":396,"minecraft:talked_to_villager":484,"minecraft:play_time":1552263,"minecraft:deaths":12,"minecraft:jump":6704,"minecraft:walk_on_water_one_cm":45591,"minecraft:enchant_item":41,"minecraft:interact_with_furnace":27,"minecraft:traded_with_villager":462,"minecraft:interact_with_loom":4,"minecraft:sleep_in_bed":7,"minecraft:damage_dealt":24647,"minecraft:player_kills":3,"minecraft:crouch_one_cm":324299,"minecraft:inspect_dispenser":21,"minecraft:interact_with_smithing_table":17,"minecraft:mob_kills":1062,"minecraft:interact_with_anvil":22,"minecraft:inspect_hopper":70,"minecraft:climb_one_cm":65618,"minecraft:walk_one_cm":794724,"minecraft:sneak_time":78346,"minecraft:walk_under_water_one_cm":26537,"minecraft:boat_one_cm":25531,"minecraft:interact_with_blast_furnace":30,"minecraft:total_world_time":1552263,"minecraft:interact_with_grindstone":1,"minecraft:time_since_rest":328526,"minecraft:damage_taken":5709,"minecraft:swim_one_cm":143328,"minecraft:fly_one_cm":2210361,"minecraft:open_chest":381,"minecraft:fall_one_cm":154446}},"DataVersion":3953}