{"stats":{"minecraft:killed_by":{"minecraft:skeleton":2,"minecraft:zombie":2},"minecraft:killed":{"minecraft:sheep":3,"minecraft:skeleton":4,"minecraft:zombie":12,"minecraft:pig":1,"minecraft:creeper":1,"minecraft:squid":1},"minecraft:custom":{"minecraft:time_since_rest":27944,"minecraft:interact_with_furnace":1,"minecraft:sprint_one_cm":27625,"minecraft:damage_taken":1231,"minecraft:walk_one_cm":190143,"minecraft:mob_kills":22,"minecraft:damage_dealt":1556,"minecraft:swim_one_cm":14136,"minecraft:fly_one_cm":63735,"minecraft:open_chest":10,"minecraft:crouch_one_cm":1497,"minecraft:play_time":84724,"minecraft:deaths":4,"minecraft:sneak_time":766,"minecraft:walk_under_water_one_cm":7109,"minecraft:jump":623,"minecraft:leave_game":6,"minecraft:walk_on_water_one_cm":4279,"minecraft:time_since_death":30454,"minecraft:sleep_in_bed":2,"minecraft:climb_one_cm":21652,"minecraft:total_world_time":84724,"minecraft:fall_one_cm":10030},"minecraft:used":{"minecraft:baked_potato":5,"minecraft:bamboo":51,"minecraft:diamond_sword":22,"minecraft:dirt":4},"minecraft:mined":{"minecraft:short_grass":21,"minecraft:grass_block":1,"minecraft:dirt":1,"minecraft:tall_grass":1,"minecraft:bamboo_sapling":3},"minecraft:picked_up":{"minecraft:leather_chestplate":1,"minecraft:diamond_sword":1,"minecraft:dandelion":6,"minecraft:porkchop":2,"minecraft:ink_sac":2,"minecraft:netherite_pickaxe":1,"minecraft:dirt":22,"minecraft:rotten_flesh":14,"minecraft:arrow":3,"minecraft:bone":1,"minecraft:diamond_chestplate":1,"minecraft:diamond_leggings":1,"minecraft:wheat_seeds":10,"minecraft:diamond_boots":1,"minecraft:gray_wool":1,"minecraft:end_rod":19,"minecraft:bamboo":1032,"minecraft:diamond_helmet":1,"minecraft:mutton":5,"minecraft:white_wool":2,"minecraft:cobblestone":14,"minecraft:diamond_pickaxe":1},"minecraft:crafted":{"minecraft:baked_potato":48}},"DataVersion":3953}