{"stats":{"minecraft:killed_by":{"minecraft:skeleton":2,"minecraft:zombie":2},"minecraft:killed":{"minecraft:skeleton":4,"minecraft:zombie":10,"minecraft:creeper":1},"minecraft:custom":{"minecraft:time_since_rest":16034,"minecraft:interact_with_furnace":1,"minecraft:sprint_one_cm":22784,"minecraft:damage_taken":1182,"minecraft:walk_one_cm":149741,"minecraft:mob_kills":15,"minecraft:damage_dealt":907,"minecraft:swim_one_cm":2716,"minecraft:fly_one_cm":57591,"minecraft:open_chest":9,"minecraft:crouch_one_cm":1497,"minecraft:play_time":72814,"minecraft:deaths":4,"minecraft:sneak_time":766,"minecraft:walk_under_water_one_cm":4409,"minecraft:jump":506,"minecraft:leave_game":6,"minecraft:walk_on_water_one_cm":2095,"minecraft:time_since_death":18544,"minecraft:sleep_in_bed":2,"minecraft:climb_one_cm":21652,"minecraft:total_world_time":72814,"minecraft:fall_one_cm":6833},"minecraft:used":{"minecraft:baked_potato":3,"minecraft:bamboo":51,"minecraft:diamond_sword":7,"minecraft:dirt":4},"minecraft:mined":{"minecraft:short_grass":18,"minecraft:grass_block":1,"minecraft:dirt":1,"minecraft:tall_grass":1,"minecraft:bamboo_sapling":3},"minecraft:picked_up":{"minecraft:leather_chestplate":1,"minecraft:diamond_sword":1,"minecraft:dandelion":6,"minecraft:netherite_pickaxe":1,"minecraft:dirt":21,"minecraft:rotten_flesh":10,"minecraft:arrow":3,"minecraft:bone":1,"minecraft:diamond_chestplate":1,"minecraft:diamond_leggings":1,"minecraft:wheat_seeds":10,"minecraft:diamond_boots":1,"minecraft:end_rod":19,"minecraft:bamboo":1032,"minecraft:diamond_helmet":1,"minecraft:cobblestone":14,"minecraft:diamond_pickaxe":1},"minecraft:crafted":{"minecraft:baked_potato":48}},"DataVersion":3953}