{"stats":{"minecraft:killed_by":{"minecraft:skeleton":2,"minecraft:zombie":2},"minecraft:killed":{"minecraft:pig":2,"minecraft:spider":1,"minecraft:creeper":1,"minecraft:squid":1,"minecraft:sheep":12,"minecraft:skeleton":8,"minecraft:zombie":17,"minecraft:chicken":2,"minecraft:cow":4},"minecraft:custom":{"minecraft:interact_with_furnace":51,"minecraft:mob_kills":48,"minecraft:interact_with_crafting_table":5,"minecraft:interact_with_loom":1,"minecraft:open_shulker_box":10,"minecraft:interact_with_grindstone":4,"minecraft:interact_with_stonecutter":6,"minecraft:leave_game":19,"minecraft:time_since_death":206151,"minecraft:sleep_in_bed":5,"minecraft:climb_one_cm":23107,"minecraft:time_since_rest":17573,"minecraft:sprint_one_cm":175559,"minecraft:damage_taken":1782,"minecraft:walk_one_cm":855116,"minecraft:drop":45,"minecraft:damage_dealt":4661,"minecraft:swim_one_cm":36547,"minecraft:fly_one_cm":306343,"minecraft:open_chest":124,"minecraft:crouch_one_cm":11951,"minecraft:play_time":260421,"minecraft:deaths":4,"minecraft:sneak_time":3157,"minecraft:walk_under_water_one_cm":10775,"minecraft:boat_one_cm":373146,"minecraft:jump":2293,"minecraft:walk_on_water_one_cm":28453,"minecraft:total_world_time":260421,"minecraft:fall_one_cm":34417,"minecraft:horse_one_cm":423},"minecraft:used":{"minecraft:polished_andesite":22,"minecraft:baked_potato":24,"minecraft:stone":1,"minecraft:purple_shulker_box":1,"minecraft:diamond_axe":65,"minecraft:stonecutter":1,"minecraft:white_wool":3,"minecraft:torch":3,"minecraft:dirt":30,"minecraft:sand":9,"minecraft:crafting_table":2,"minecraft:bamboo":64,"minecraft:diamond_sword":257,"minecraft:oak_boat":7,"minecraft:netherite_pickaxe":388,"minecraft:smooth_stone":1,"minecraft:cherry_log":104},"minecraft:dropped":{"minecraft:moss_carpet":2,"minecraft:wheat_seeds":42,"minecraft:baked_potato":1,"minecraft:rotten_flesh":38,"minecraft:cobblestone":15,"minecraft:stick":2,"minecraft:end_rod":19,"minecraft:dirt":124,"minecraft:leather_chestplate":1,"minecraft:diamond_pickaxe":1,"minecraft:bamboo":1605,"minecraft:smooth_stone":1,"minecraft:dandelion":12},"minecraft:mined":{"minecraft:cherry_log":12,"minecraft:stripped_cherry_log":2,"minecraft:mangrove_roots":1,"minecraft:crafting_table":2,"minecraft:torch":7,"minecraft:short_grass":115,"minecraft:grass_block":22,"minecraft:rose_bush":1,"minecraft:tall_grass":7,"minecraft:pink_petals":7,"minecraft:smooth_stone":1,"minecraft:andesite":114,"minecraft:coal_ore":5,"minecraft:oak_log":4,"minecraft:dirt":23,"minecraft:sand":20,"minecraft:purple_shulker_box":1,"minecraft:bamboo_sapling":5,"minecraft:bamboo":53,"minecraft:polished_andesite":1,"minecraft:stone":258,"minecraft:white_wool":3,"minecraft:oak_leaves":5,"minecraft:fern":3},"minecraft:picked_up":{"minecraft:pink_petals":41,"minecraft:crafting_table":2,"minecraft:leather_chestplate":1,"minecraft:andesite":113,"minecraft:salmon":8,"minecraft:diamond_sword":1,"minecraft:stripped_cherry_log":2,"minecraft:purple_shulker_box":2,"minecraft:oak_log":4,"minecraft:dirt":150,"minecraft:string":2,"minecraft:moss_carpet":2,"minecraft:bone":6,"minecraft:bow":1,"minecraft:wheat_seeds":42,"minecraft:diamond_leggings":1,"minecraft:smooth_stone":1,"minecraft:iron_ingot":1,"minecraft:beef":5,"minecraft:oak_boat":6,"minecraft:bamboo":1498,"minecraft:diamond_helmet":1,"minecraft:stick":10,"minecraft:torch":6,"minecraft:dandelion":12,"minecraft:porkchop":8,"minecraft:sand":19,"minecraft:cherry_log":13,"minecraft:ink_sac":2,"minecraft:netherite_pickaxe":1,"minecraft:spider_eye":1,"minecraft:polished_andesite":1,"minecraft:arrow":4,"minecraft:rotten_flesh":42,"minecraft:diamond_chestplate":1,"minecraft:diamond_boots":1,"minecraft:cherry_sapling":11,"minecraft:end_rod":38,"minecraft:gray_wool":3,"minecraft:mangrove_roots":1,"minecraft:baked_potato":1,"minecraft:coal":13,"minecraft:mutton":15,"minecraft:white_wool":12,"minecraft:cobblestone":300,"minecraft:diamond_pickaxe":2},"minecraft:crafted":{"minecraft:cherry_planks":8,"minecraft:smooth_stone":1,"minecraft:oak_planks":16,"minecraft:diamond_axe":1,"minecraft:crafting_table":1,"minecraft:baked_potato":64,"minecraft:stone":92,"minecraft:pink_dye":2,"minecraft:air":0,"minecraft:oak_boat":2,"minecraft:stick":16,"minecraft:stonecutter":1,"minecraft:polished_andesite":4}},"DataVersion":3953}