{"stats":{"minecraft:killed_by":{"minecraft:skeleton":2,"minecraft:zombie":2},"minecraft:killed":{"minecraft:pig":2,"minecraft:creeper":1,"minecraft:squid":1,"minecraft:sheep":12,"minecraft:skeleton":5,"minecraft:zombie":14,"minecraft:chicken":2,"minecraft:cow":4},"minecraft:custom":{"minecraft:interact_with_furnace":1,"minecraft:mob_kills":41,"minecraft:interact_with_crafting_table":2,"minecraft:leave_game":15,"minecraft:time_since_death":108886,"minecraft:sleep_in_bed":2,"minecraft:climb_one_cm":23107,"minecraft:time_since_rest":106376,"minecraft:sprint_one_cm":116801,"minecraft:damage_taken":1566,"minecraft:walk_one_cm":521912,"minecraft:drop":23,"minecraft:damage_dealt":3832,"minecraft:swim_one_cm":36547,"minecraft:fly_one_cm":203454,"minecraft:open_chest":17,"minecraft:crouch_one_cm":2644,"minecraft:play_time":163156,"minecraft:deaths":4,"minecraft:sneak_time":1169,"minecraft:walk_under_water_one_cm":10775,"minecraft:boat_one_cm":347335,"minecraft:jump":1655,"minecraft:walk_on_water_one_cm":28453,"minecraft:total_world_time":163156,"minecraft:fall_one_cm":30285,"minecraft:horse_one_cm":423},"minecraft:used":{"minecraft:baked_potato":17,"minecraft:white_wool":3,"minecraft:dirt":9,"minecraft:sand":9,"minecraft:crafting_table":2,"minecraft:bamboo":64,"minecraft:diamond_sword":240,"minecraft:oak_boat":7,"minecraft:netherite_pickaxe":7},"minecraft:dropped":{"minecraft:moss_carpet":1,"minecraft:baked_potato":1,"minecraft:cobblestone":14,"minecraft:stick":2,"minecraft:end_rod":19,"minecraft:dirt":18,"minecraft:bamboo":901,"minecraft:dandelion":12},"minecraft:mined":{"minecraft:mangrove_roots":1,"minecraft:crafting_table":2,"minecraft:short_grass":113,"minecraft:grass_block":13,"minecraft:rose_bush":1,"minecraft:tall_grass":7,"minecraft:pink_petals":7,"minecraft:oak_log":4,"minecraft:dirt":15,"minecraft:sand":20,"minecraft:bamboo_sapling":5,"minecraft:bamboo":53,"minecraft:white_wool":3,"minecraft:oak_leaves":5,"minecraft:fern":3},"minecraft:picked_up":{"minecraft:pink_petals":21,"minecraft:crafting_table":2,"minecraft:leather_chestplate":1,"minecraft:salmon":8,"minecraft:diamond_sword":1,"minecraft:oak_log":4,"minecraft:dirt":80,"minecraft:moss_carpet":2,"minecraft:bone":2,"minecraft:wheat_seeds":21,"minecraft:diamond_leggings":1,"minecraft:beef":5,"minecraft:oak_boat":5,"minecraft:bamboo":1306,"minecraft:diamond_helmet":1,"minecraft:stick":8,"minecraft:dandelion":12,"minecraft:porkchop":8,"minecraft:sand":19,"minecraft:cherry_log":1,"minecraft:ink_sac":2,"minecraft:netherite_pickaxe":1,"minecraft:arrow":3,"minecraft:diamond_chestplate":1,"minecraft:rotten_flesh":19,"minecraft:diamond_boots":1,"minecraft:cherry_sapling":8,"minecraft:end_rod":38,"minecraft:gray_wool":3,"minecraft:mangrove_roots":1,"minecraft:baked_potato":1,"minecraft:diamond_pickaxe":1,"minecraft:mutton":15,"minecraft:white_wool":12,"minecraft:cobblestone":28},"minecraft:crafted":{"minecraft:oak_planks":16,"minecraft:crafting_table":1,"minecraft:baked_potato":48,"minecraft:oak_boat":2}},"DataVersion":3953}