{"stats":{"minecraft:killed_by":{"minecraft:skeleton":2,"minecraft:zombie":1},"minecraft:killed":{"minecraft:skeleton":4,"minecraft:zombie":1,"minecraft:creeper":1},"minecraft:custom":{"minecraft:open_chest":6,"minecraft:time_since_rest":1989,"minecraft:damage_taken":765,"minecraft:sprint_one_cm":14268,"minecraft:play_time":20146,"minecraft:deaths":3,"minecraft:walk_one_cm":92094,"minecraft:walk_under_water_one_cm":4409,"minecraft:mob_kills":6,"minecraft:jump":356,"minecraft:damage_dealt":654,"minecraft:leave_game":1,"minecraft:walk_on_water_one_cm":2095,"minecraft:time_since_death":1947,"minecraft:sleep_in_bed":1,"minecraft:climb_one_cm":21652,"minecraft:total_world_time":20146,"minecraft:swim_one_cm":2716,"minecraft:fall_one_cm":3942,"minecraft:fly_one_cm":35543},"minecraft:used":{"minecraft:bamboo":51,"minecraft:dirt":2},"minecraft:picked_up":{"minecraft:arrow":3,"minecraft:bone":1,"minecraft:rotten_flesh":2,"minecraft:wheat_seeds":10,"minecraft:dandelion":6,"minecraft:bamboo":1032,"minecraft:netherite_pickaxe":1,"minecraft:dirt":21,"minecraft:cobblestone":14},"minecraft:mined":{"minecraft:short_grass":18,"minecraft:grass_block":1,"minecraft:dirt":1,"minecraft:tall_grass":1,"minecraft:bamboo_sapling":3}},"DataVersion":3953}