{"stats":{"minecraft:killed_by":{"minecraft:skeleton":2,"minecraft:zombie":2},"minecraft:killed":{"minecraft:pig":2,"minecraft:spider":1,"minecraft:creeper":1,"minecraft:squid":1,"minecraft:sheep":12,"minecraft:skeleton":8,"minecraft:zombie":19,"minecraft:chicken":2,"minecraft:cow":4},"minecraft:custom":{"minecraft:interact_with_furnace":52,"minecraft:mob_kills":50,"minecraft:interact_with_crafting_table":5,"minecraft:open_shulker_box":20,"minecraft:interact_with_loom":1,"minecraft:interact_with_grindstone":4,"minecraft:interact_with_stonecutter":29,"minecraft:leave_game":35,"minecraft:time_since_death":246036,"minecraft:sleep_in_bed":5,"minecraft:climb_one_cm":23107,"minecraft:time_since_rest":57458,"minecraft:sprint_one_cm":184894,"minecraft:damage_taken":1907,"minecraft:walk_one_cm":941972,"minecraft:drop":47,"minecraft:damage_dealt":4742,"minecraft:swim_one_cm":36547,"minecraft:fly_one_cm":324196,"minecraft:open_chest":124,"minecraft:play_time":300306,"minecraft:crouch_one_cm":11951,"minecraft:deaths":4,"minecraft:sneak_time":3157,"minecraft:walk_under_water_one_cm":10775,"minecraft:boat_one_cm":373146,"minecraft:jump":2443,"minecraft:walk_on_water_one_cm":28453,"minecraft:total_world_time":300306,"minecraft:fall_one_cm":35524,"minecraft:horse_one_cm":423},"minecraft:used":{"minecraft:polished_andesite":461,"minecraft:baked_potato":27,"minecraft:stone":27,"minecraft:purple_shulker_box":2,"minecraft:stonecutter":1,"minecraft:diamond_axe":69,"minecraft:white_wool":3,"minecraft:torch":6,"minecraft:dirt":35,"minecraft:sand":9,"minecraft:crafting_table":2,"minecraft:stone_brick_stairs":6,"minecraft:bamboo":64,"minecraft:diamond_sword":259,"minecraft:oak_boat":7,"minecraft:netherite_pickaxe":556,"minecraft:cherry_log":104,"minecraft:smooth_stone":1},"minecraft:dropped":{"minecraft:moss_carpet":2,"minecraft:wheat_seeds":42,"minecraft:baked_potato":1,"minecraft:cobblestone":17,"minecraft:rotten_flesh":38,"minecraft:stick":2,"minecraft:end_rod":19,"minecraft:leather_chestplate":1,"minecraft:dirt":124,"minecraft:diamond_pickaxe":1,"minecraft:bamboo":1605,"minecraft:smooth_stone":1,"minecraft:dandelion":12},"minecraft:mined":{"minecraft:cherry_log":16,"minecraft:stripped_cherry_log":2,"minecraft:mangrove_roots":1,"minecraft:crafting_table":2,"minecraft:torch":21,"minecraft:short_grass":115,"minecraft:grass_block":26,"minecraft:rose_bush":1,"minecraft:tall_grass":7,"minecraft:pink_petals":7,"minecraft:smooth_stone":1,"minecraft:andesite":256,"minecraft:oak_log":4,"minecraft:coal_ore":5,"minecraft:sand":20,"minecraft:dirt":24,"minecraft:purple_shulker_box":1,"minecraft:bamboo_sapling":5,"minecraft:bamboo":53,"minecraft:polished_andesite":11,"minecraft:stone":273,"minecraft:white_wool":3,"minecraft:fern":3,"minecraft:oak_leaves":5},"minecraft:picked_up":{"minecraft:pink_petals":41,"minecraft:crafting_table":2,"minecraft:leather_chestplate":1,"minecraft:andesite":545,"minecraft:salmon":8,"minecraft:diamond_sword":1,"minecraft:stripped_cherry_log":2,"minecraft:oak_log":4,"minecraft:purple_shulker_box":2,"minecraft:dirt":155,"minecraft:string":2,"minecraft:moss_carpet":2,"minecraft:bone":6,"minecraft:wheat_seeds":42,"minecraft:bow":1,"minecraft:diamond_leggings":1,"minecraft:smooth_stone":1,"minecraft:iron_ingot":1,"minecraft:beef":5,"minecraft:oak_boat":6,"minecraft:diamond_helmet":1,"minecraft:bamboo":1498,"minecraft:stick":10,"minecraft:torch":19,"minecraft:dandelion":12,"minecraft:porkchop":8,"minecraft:sand":19,"minecraft:cherry_log":17,"minecraft:ink_sac":2,"minecraft:netherite_pickaxe":1,"minecraft:spider_eye":1,"minecraft:polished_andesite":11,"minecraft:arrow":4,"minecraft:rotten_flesh":46,"minecraft:diamond_chestplate":1,"minecraft:diamond_boots":1,"minecraft:bone_meal":123,"minecraft:cherry_sapling":56,"minecraft:gray_wool":3,"minecraft:end_rod":38,"minecraft:mangrove_roots":1,"minecraft:baked_potato":1,"minecraft:mutton":15,"minecraft:coal":13,"minecraft:white_wool":12,"minecraft:cobblestone":315,"minecraft:diamond_pickaxe":2},"minecraft:crafted":{"minecraft:cherry_planks":8,"minecraft:smooth_stone":1,"minecraft:oak_planks":16,"minecraft:diamond_axe":1,"minecraft:crafting_table":1,"minecraft:baked_potato":64,"minecraft:stone":92,"minecraft:pink_dye":2,"minecraft:air":0,"minecraft:oak_boat":2,"minecraft:stick":16,"minecraft:stonecutter":1,"minecraft:polished_andesite":4}},"DataVersion":3953}