{"stats":{"minecraft:killed_by":{"minecraft:skeleton":2,"minecraft:zombie":2},"minecraft:killed":{"minecraft:pig":2,"minecraft:spider":1,"minecraft:creeper":1,"minecraft:squid":1,"minecraft:sheep":12,"minecraft:skeleton":10,"minecraft:zombie":21,"minecraft:chicken":2,"minecraft:cow":4},"minecraft:custom":{"minecraft:interact_with_furnace":66,"minecraft:mob_kills":54,"minecraft:interact_with_crafting_table":6,"minecraft:open_shulker_box":20,"minecraft:interact_with_loom":1,"minecraft:interact_with_grindstone":4,"minecraft:interact_with_stonecutter":44,"minecraft:leave_game":45,"minecraft:time_since_death":276425,"minecraft:sleep_in_bed":5,"minecraft:climb_one_cm":23107,"minecraft:time_since_rest":87847,"minecraft:sprint_one_cm":204390,"minecraft:damage_taken":2215,"minecraft:walk_one_cm":1044740,"minecraft:drop":51,"minecraft:damage_dealt":4918,"minecraft:swim_one_cm":36547,"minecraft:fly_one_cm":361284,"minecraft:open_chest":193,"minecraft:play_time":330695,"minecraft:crouch_one_cm":11951,"minecraft:sneak_time":3157,"minecraft:deaths":4,"minecraft:walk_under_water_one_cm":10775,"minecraft:boat_one_cm":373146,"minecraft:jump":2586,"minecraft:walk_on_water_one_cm":28453,"minecraft:total_world_time":330695,"minecraft:fall_one_cm":36952,"minecraft:horse_one_cm":423},"minecraft:used":{"minecraft:polished_andesite":469,"minecraft:baked_potato":34,"minecraft:blackstone":18,"minecraft:stone":28,"minecraft:purple_shulker_box":2,"minecraft:stonecutter":1,"minecraft:diamond_axe":78,"minecraft:white_wool":3,"minecraft:torch":6,"minecraft:dirt":35,"minecraft:sand":9,"minecraft:crafting_table":2,"minecraft:stone_brick_wall":19,"minecraft:tuff":2,"minecraft:stone_brick_stairs":56,"minecraft:stone_bricks":10,"minecraft:bamboo":64,"minecraft:diamond_sword":263,"minecraft:cherry_log":104,"minecraft:oak_boat":7,"minecraft:netherite_pickaxe":601,"minecraft:cobbled_deepslate":31,"minecraft:smooth_stone":1},"minecraft:dropped":{"minecraft:moss_carpet":2,"minecraft:wheat_seeds":42,"minecraft:baked_potato":1,"minecraft:cobblestone":81,"minecraft:rotten_flesh":38,"minecraft:stick":2,"minecraft:end_rod":19,"minecraft:leather_chestplate":1,"minecraft:dirt":124,"minecraft:stone":70,"minecraft:diamond_pickaxe":1,"minecraft:bamboo":1605,"minecraft:smooth_stone":1,"minecraft:stone_brick_stairs":26,"minecraft:dandelion":12},"minecraft:mined":{"minecraft:blackstone":14,"minecraft:cherry_log":24,"minecraft:stripped_cherry_log":2,"minecraft:mangrove_roots":1,"minecraft:crafting_table":2,"minecraft:torch":26,"minecraft:short_grass":115,"minecraft:stone_brick_wall":3,"minecraft:grass_block":28,"minecraft:rose_bush":1,"minecraft:tall_grass":7,"minecraft:pink_petals":7,"minecraft:smooth_stone":1,"minecraft:cobbled_deepslate":5,"minecraft:andesite":256,"minecraft:stone_brick_stairs":14,"minecraft:coal_ore":5,"minecraft:oak_log":4,"minecraft:sand":20,"minecraft:dirt":24,"minecraft:purple_shulker_box":1,"minecraft:stone":276,"minecraft:bamboo_sapling":5,"minecraft:bamboo":53,"minecraft:stone_bricks":1,"minecraft:polished_andesite":16,"minecraft:white_wool":3,"minecraft:oak_leaves":5,"minecraft:fern":3},"minecraft:picked_up":{"minecraft:pink_petals":41,"minecraft:crafting_table":2,"minecraft:leather_chestplate":1,"minecraft:andesite":545,"minecraft:salmon":8,"minecraft:diamond_sword":1,"minecraft:stone_brick_wall":3,"minecraft:stripped_cherry_log":2,"minecraft:oak_log":4,"minecraft:purple_shulker_box":2,"minecraft:stone_brick_stairs":14,"minecraft:string":2,"minecraft:dirt":361,"minecraft:moss_carpet":2,"minecraft:bone":6,"minecraft:blackstone":13,"minecraft:stone_bricks":1,"minecraft:wheat_seeds":42,"minecraft:bow":2,"minecraft:diamond_leggings":1,"minecraft:cobbled_deepslate":5,"minecraft:smooth_stone":1,"minecraft:iron_ingot":1,"minecraft:beef":5,"minecraft:oak_boat":6,"minecraft:diamond_helmet":1,"minecraft:bamboo":1498,"minecraft:stick":10,"minecraft:stone":250,"minecraft:torch":23,"minecraft:dandelion":12,"minecraft:porkchop":8,"minecraft:sand":19,"minecraft:cherry_log":25,"minecraft:ink_sac":2,"minecraft:netherite_pickaxe":1,"minecraft:spider_eye":1,"minecraft:polished_andesite":16,"minecraft:arrow":4,"minecraft:coal_ore":21,"minecraft:rotten_flesh":47,"minecraft:diamond_chestplate":1,"minecraft:diamond_boots":1,"minecraft:bone_meal":123,"minecraft:cherry_sapling":56,"minecraft:gray_wool":3,"minecraft:end_rod":38,"minecraft:mangrove_roots":1,"minecraft:baked_potato":1,"minecraft:mutton":15,"minecraft:coal":13,"minecraft:white_wool":12,"minecraft:cobblestone":443,"minecraft:diamond_pickaxe":2},"minecraft:crafted":{"minecraft:cherry_planks":8,"minecraft:oak_planks":16,"minecraft:smooth_stone":1,"minecraft:stone_brick_wall":16,"minecraft:diamond_axe":1,"minecraft:crafting_table":1,"minecraft:baked_potato":64,"minecraft:stone":129,"minecraft:pink_dye":2,"minecraft:air":0,"minecraft:oak_boat":2,"minecraft:stone_brick_stairs":4,"minecraft:stick":16,"minecraft:stonecutter":1,"minecraft:polished_andesite":4}},"DataVersion":3953}