{"stats":{"minecraft:killed_by":{"minecraft:skeleton":2,"minecraft:zombie":2},"minecraft:killed":{"minecraft:pig":2,"minecraft:creeper":1,"minecraft:squid":1,"minecraft:sheep":12,"minecraft:skeleton":5,"minecraft:zombie":15,"minecraft:chicken":2,"minecraft:cow":4},"minecraft:custom":{"minecraft:interact_with_furnace":6,"minecraft:mob_kills":42,"minecraft:interact_with_crafting_table":2,"minecraft:open_shulker_box":10,"minecraft:leave_game":18,"minecraft:time_since_death":146360,"minecraft:sleep_in_bed":3,"minecraft:climb_one_cm":23107,"minecraft:time_since_rest":10829,"minecraft:sprint_one_cm":129858,"minecraft:damage_taken":1635,"minecraft:walk_one_cm":586735,"minecraft:drop":43,"minecraft:damage_dealt":3982,"minecraft:swim_one_cm":36547,"minecraft:fly_one_cm":222834,"minecraft:open_chest":52,"minecraft:crouch_one_cm":11793,"minecraft:play_time":200630,"minecraft:deaths":4,"minecraft:sneak_time":3101,"minecraft:walk_under_water_one_cm":10775,"minecraft:boat_one_cm":373146,"minecraft:jump":1765,"minecraft:walk_on_water_one_cm":28453,"minecraft:total_world_time":200630,"minecraft:fall_one_cm":30703,"minecraft:horse_one_cm":423},"minecraft:used":{"minecraft:baked_potato":18,"minecraft:purple_shulker_box":1,"minecraft:white_wool":3,"minecraft:dirt":9,"minecraft:sand":9,"minecraft:crafting_table":2,"minecraft:bamboo":64,"minecraft:diamond_sword":242,"minecraft:oak_boat":7,"minecraft:netherite_pickaxe":7},"minecraft:dropped":{"minecraft:moss_carpet":2,"minecraft:wheat_seeds":42,"minecraft:baked_potato":1,"minecraft:rotten_flesh":38,"minecraft:cobblestone":14,"minecraft:stick":2,"minecraft:end_rod":19,"minecraft:dirt":124,"minecraft:leather_chestplate":1,"minecraft:diamond_pickaxe":1,"minecraft:bamboo":1605,"minecraft:dandelion":12},"minecraft:mined":{"minecraft:mangrove_roots":1,"minecraft:crafting_table":2,"minecraft:short_grass":113,"minecraft:grass_block":13,"minecraft:rose_bush":1,"minecraft:tall_grass":7,"minecraft:pink_petals":7,"minecraft:oak_log":4,"minecraft:dirt":15,"minecraft:sand":20,"minecraft:bamboo_sapling":5,"minecraft:bamboo":53,"minecraft:white_wool":3,"minecraft:oak_leaves":5,"minecraft:fern":3},"minecraft:picked_up":{"minecraft:pink_petals":41,"minecraft:crafting_table":2,"minecraft:leather_chestplate":1,"minecraft:salmon":8,"minecraft:diamond_sword":1,"minecraft:purple_shulker_box":1,"minecraft:oak_log":4,"minecraft:dirt":133,"minecraft:moss_carpet":2,"minecraft:bone":2,"minecraft:wheat_seeds":42,"minecraft:diamond_leggings":1,"minecraft:beef":5,"minecraft:oak_boat":6,"minecraft:bamboo":1498,"minecraft:diamond_helmet":1,"minecraft:stick":10,"minecraft:dandelion":12,"minecraft:porkchop":8,"minecraft:sand":19,"minecraft:cherry_log":1,"minecraft:ink_sac":2,"minecraft:netherite_pickaxe":1,"minecraft:arrow":3,"minecraft:rotten_flesh":38,"minecraft:diamond_chestplate":1,"minecraft:diamond_boots":1,"minecraft:cherry_sapling":9,"minecraft:end_rod":38,"minecraft:gray_wool":3,"minecraft:mangrove_roots":1,"minecraft:baked_potato":1,"minecraft:mutton":15,"minecraft:diamond_pickaxe":2,"minecraft:white_wool":12,"minecraft:cobblestone":28},"minecraft:crafted":{"minecraft:oak_planks":16,"minecraft:crafting_table":1,"minecraft:baked_potato":48,"minecraft:pink_dye":2,"minecraft:oak_boat":2}},"DataVersion":3953}