{"stats":{"minecraft:killed_by":{"minecraft:skeleton":2,"minecraft:zombie":2},"minecraft:killed":{"minecraft:pig":2,"minecraft:spider":1,"minecraft:creeper":1,"minecraft:squid":1,"minecraft:sheep":12,"minecraft:skeleton":8,"minecraft:zombie":17,"minecraft:chicken":2,"minecraft:cow":4},"minecraft:custom":{"minecraft:interact_with_furnace":6,"minecraft:mob_kills":48,"minecraft:interact_with_crafting_table":3,"minecraft:open_shulker_box":10,"minecraft:interact_with_grindstone":4,"minecraft:leave_game":19,"minecraft:time_since_death":182151,"minecraft:sleep_in_bed":4,"minecraft:climb_one_cm":23107,"minecraft:time_since_rest":32243,"minecraft:sprint_one_cm":156419,"minecraft:damage_taken":1770,"minecraft:walk_one_cm":780921,"minecraft:drop":43,"minecraft:damage_dealt":4572,"minecraft:swim_one_cm":36547,"minecraft:fly_one_cm":273597,"minecraft:open_chest":77,"minecraft:crouch_one_cm":11793,"minecraft:play_time":236421,"minecraft:deaths":4,"minecraft:sneak_time":3101,"minecraft:walk_under_water_one_cm":10775,"minecraft:boat_one_cm":373146,"minecraft:jump":2115,"minecraft:walk_on_water_one_cm":28453,"minecraft:total_world_time":236421,"minecraft:fall_one_cm":32350,"minecraft:horse_one_cm":423},"minecraft:used":{"minecraft:baked_potato":21,"minecraft:purple_shulker_box":1,"minecraft:white_wool":3,"minecraft:torch":1,"minecraft:dirt":26,"minecraft:sand":9,"minecraft:crafting_table":2,"minecraft:bamboo":64,"minecraft:diamond_sword":256,"minecraft:oak_boat":7,"minecraft:netherite_pickaxe":7,"minecraft:cherry_log":94},"minecraft:dropped":{"minecraft:moss_carpet":2,"minecraft:wheat_seeds":42,"minecraft:baked_potato":1,"minecraft:rotten_flesh":38,"minecraft:cobblestone":14,"minecraft:stick":2,"minecraft:end_rod":19,"minecraft:dirt":124,"minecraft:leather_chestplate":1,"minecraft:diamond_pickaxe":1,"minecraft:bamboo":1605,"minecraft:dandelion":12},"minecraft:mined":{"minecraft:cherry_log":2,"minecraft:mangrove_roots":1,"minecraft:crafting_table":2,"minecraft:torch":6,"minecraft:short_grass":115,"minecraft:grass_block":20,"minecraft:rose_bush":1,"minecraft:tall_grass":7,"minecraft:pink_petals":7,"minecraft:oak_log":4,"minecraft:dirt":22,"minecraft:sand":20,"minecraft:purple_shulker_box":1,"minecraft:bamboo_sapling":5,"minecraft:bamboo":53,"minecraft:white_wool":3,"minecraft:oak_leaves":5,"minecraft:fern":3},"minecraft:picked_up":{"minecraft:pink_petals":41,"minecraft:crafting_table":2,"minecraft:leather_chestplate":1,"minecraft:salmon":8,"minecraft:diamond_sword":1,"minecraft:purple_shulker_box":2,"minecraft:oak_log":4,"minecraft:dirt":147,"minecraft:string":2,"minecraft:moss_carpet":2,"minecraft:bone":6,"minecraft:bow":1,"minecraft:wheat_seeds":42,"minecraft:diamond_leggings":1,"minecraft:iron_ingot":1,"minecraft:beef":5,"minecraft:oak_boat":6,"minecraft:bamboo":1498,"minecraft:diamond_helmet":1,"minecraft:stick":10,"minecraft:torch":5,"minecraft:dandelion":12,"minecraft:porkchop":8,"minecraft:sand":19,"minecraft:cherry_log":3,"minecraft:ink_sac":2,"minecraft:netherite_pickaxe":1,"minecraft:spider_eye":1,"minecraft:arrow":4,"minecraft:rotten_flesh":42,"minecraft:diamond_chestplate":1,"minecraft:diamond_boots":1,"minecraft:cherry_sapling":11,"minecraft:end_rod":38,"minecraft:gray_wool":3,"minecraft:mangrove_roots":1,"minecraft:baked_potato":1,"minecraft:mutton":15,"minecraft:white_wool":12,"minecraft:cobblestone":28,"minecraft:diamond_pickaxe":2},"minecraft:crafted":{"minecraft:oak_planks":16,"minecraft:crafting_table":1,"minecraft:baked_potato":48,"minecraft:pink_dye":2,"minecraft:oak_boat":2,"minecraft:stonecutter":1}},"DataVersion":3953}