{"stats":{"minecraft:dropped":{"minecraft:wheat_seeds":3},"minecraft:custom":{"minecraft:jump":9,"minecraft:time_since_rest":1579,"minecraft:leave_game":1,"minecraft:walk_on_water_one_cm":492,"minecraft:sprint_one_cm":1916,"minecraft:play_time":1579,"minecraft:damage_taken":30,"minecraft:time_since_death":1579,"minecraft:walk_one_cm":711,"minecraft:sneak_time":6,"minecraft:total_world_time":1579,"minecraft:walk_under_water_one_cm":123,"minecraft:swim_one_cm":4269,"minecraft:drop":1,"minecraft:fall_one_cm":569,"minecraft:fly_one_cm":1436},"minecraft:picked_up":{"minecraft:wheat_seeds":3},"minecraft:mined":{"minecraft:tall_grass":3,"minecraft:short_grass":10}},"DataVersion":3953}