{"stats":{"minecraft:picked_up":{"minecraft:iron_chestplate":3,"minecraft:music_disc_strad":1,"minecraft:wheat":21,"minecraft:chainmail_boots":1,"minecraft:lead":1,"minecraft:oak_stairs":1,"minecraft:potion":6,"minecraft:soul_soil":27,"minecraft:string":249,"minecraft:raw_copper":4,"minecraft:iron_leggings":2,"minecraft:red_candle":10,"minecraft:netherite_ingot":7,"minecraft:oak_sign":6,"minecraft:gold_nugget":43,"minecraft:cobbled_deepslate":619,"minecraft:trial_key":19,"minecraft:cobblestone_slab":1,"minecraft:enchanted_golden_apple":1,"minecraft:melon_slice":48,"minecraft:deepslate_iron_ore":23,"minecraft:iron_boots":8,"minecraft:furnace":6,"minecraft:tipped_arrow":92,"minecraft:golden_helmet":1,"minecraft:stick":13,"minecraft:jukebox":5,"minecraft:big_dripleaf":3,"minecraft:torch":8,"minecraft:green_bed":6,"minecraft:porkchop":9,"minecraft:diorite":27,"minecraft:stone_sword":1,"minecraft:rotten_flesh":82,"minecraft:iron_block":2,"minecraft:netherite_chestplate":1,"minecraft:blaze_rod":11,"minecraft:obsidian":4,"minecraft:cobblestone":262,"minecraft:magma_block":16,"minecraft:cooked_beef":22,"minecraft:water_bucket":1,"minecraft:andesite":15,"minecraft:brown_wool":1,"minecraft:golden_leggings":1,"minecraft:potato":552,"minecraft:flint":21,"minecraft:tuff":2789,"minecraft:lapis_lazuli":55,"minecraft:dirt":100,"minecraft:bone":203,"minecraft:bow":9,"minecraft:wheat_seeds":114,"minecraft:raw_gold":41,"minecraft:grindstone":2,"minecraft:bolt_armor_trim_smithing_template":1,"minecraft:bamboo":1069,"minecraft:moss_block":1,"minecraft:oak_planks":49,"minecraft:ghast_tear":1,"minecraft:cooked_porkchop":14,"minecraft:warped_wart_block":1,"minecraft:poisonous_potato":4,"minecraft:sand":469,"minecraft:ink_sac":3,"minecraft:dispenser":2,"minecraft:sugar":6,"minecraft:spruce_boat":2,"minecraft:diamond":115,"minecraft:deepslate":110,"minecraft:lever":1,"minecraft:deepslate_gold_ore":5,"minecraft:waxed_oxidized_copper_grate":12,"minecraft:granite":25,"minecraft:crossbow":6,"minecraft:breeze_rod":21,"minecraft:golden_apple":2,"minecraft:emerald":346,"minecraft:bread":8,"minecraft:oak_sapling":3,"minecraft:netherrack":3601,"minecraft:ominous_trial_key":6,"minecraft:diamond_pickaxe":2,"minecraft:crafting_table":11,"minecraft:ominous_bottle":6,"minecraft:clay_ball":4,"minecraft:gold_block":2,"minecraft:music_disc_creator":8,"minecraft:brick":35,"minecraft:shield":16,"minecraft:wind_charge":26,"minecraft:cornflower":1,"minecraft:oak_trapdoor":1,"minecraft:moss_carpet":2,"minecraft:flow_banner_pattern":2,"minecraft:blackstone":69,"minecraft:deepslate_diamond_ore":7,"minecraft:beef":78,"minecraft:oak_boat":3,"minecraft:lectern":7,"minecraft:sugar_cane":223,"minecraft:chest":7,"minecraft:diamond_hoe":4,"minecraft:waxed_oxidized_copper":2,"minecraft:raw_iron":124,"minecraft:stone":144,"minecraft:music_disc_mellohi":1,"minecraft:trident":1,"minecraft:carrot":1,"minecraft:redstone":196,"minecraft:music_disc_creator_music_box":2,"minecraft:tnt":7,"minecraft:arrow":192,"minecraft:diamond_chestplate":2,"minecraft:decorated_pot":1,"minecraft:hay_block":14,"minecraft:waxed_oxidized_cut_copper_stairs":1,"minecraft:flow_armor_trim_smithing_template":1,"minecraft:tuff_bricks":8,"minecraft:mutton":43,"minecraft:white_wool":17,"minecraft:basalt":95,"minecraft:golden_carrot":2,"minecraft:cut_sandstone":1,"minecraft:leather":52,"minecraft:oak_log":168,"minecraft:waxed_copper_block":5,"minecraft:ancient_debris":17,"minecraft:gunpowder":57,"minecraft:white_banner":1,"minecraft:stone_bricks":16,"minecraft:kelp":5,"minecraft:iron_ingot":28,"minecraft:cooked_chicken":2,"minecraft:glass_bottle":3,"minecraft:soul_sand":1,"minecraft:music_disc_chirp":1,"minecraft:book":54,"minecraft:smooth_basalt":2,"minecraft:emerald_block":1,"minecraft:quartz":306,"minecraft:dandelion":2,"minecraft:raw_iron_block":2,"minecraft:gravel":137,"minecraft:tuff_slab":292,"minecraft:spruce_sapling":19,"minecraft:blast_furnace":1,"minecraft:white_bed":3,"minecraft:spruce_log":202,"minecraft:gold_ore":2,"minecraft:spider_eye":60,"minecraft:polished_tuff":1,"minecraft:coal_ore":2,"minecraft:stone_axe":1,"minecraft:iron_helmet":2,"minecraft:warped_roots":1,"minecraft:baked_potato":13,"minecraft:netherite_hoe":1,"minecraft:coal":139,"minecraft:sunflower":1},"minecraft:mined":{"minecraft:waxed_cut_copper_slab":1,"minecraft:white_bed":3,"minecraft:obsidian":4,"minecraft:granite":25,"minecraft:grass_block":18,"minecraft:soul_soil":26,"minecraft:chiseled_tuff_bricks":4,"minecraft:oak_wall_sign":1,"minecraft:spawner":2,"minecraft:tuff_bricks":51,"minecraft:raw_iron_block":2,"minecraft:magma_block":16,"minecraft:iron_ore":71,"minecraft:fire":47,"minecraft:cobbled_deepslate":14,"minecraft:polished_tuff":1,"minecraft:deepslate_lapis_ore":6,"minecraft:cave_vines":2,"minecraft:dirt_path":8,"minecraft:oak_stairs":1,"minecraft:green_bed":6,"minecraft:deepslate_redstone_ore":3,"minecraft:cut_sandstone":1,"minecraft:blackstone":86,"minecraft:kelp_plant":4,"minecraft:soul_fire":3,"minecraft:clay":2,"minecraft:torch":6,"minecraft:blast_furnace":1,"minecraft:melon":8,"minecraft:chest":6,"minecraft:nether_quartz_ore":268,"minecraft:cobblestone":14,"minecraft:oak_planks":43,"minecraft:sugar_cane":142,"minecraft:grindstone":2,"minecraft:waxed_chiseled_copper":1,"minecraft:red_candle":5,"minecraft:warped_nylium":11,"minecraft:waxed_oxidized_cut_copper_stairs":1,"minecraft:magenta_bed":1,"minecraft:wheat":25,"minecraft:jukebox":5,"minecraft:waxed_copper_block":18,"minecraft:tnt":7,"minecraft:oak_log":104,"minecraft:waxed_oxidized_copper":2,"minecraft:sand":440,"minecraft:dirt":40,"minecraft:smooth_basalt":2,"minecraft:dispenser":2,"minecraft:ancient_debris":17,"minecraft:netherrack":6645,"minecraft:oak_leaves":12,"minecraft:deepslate":751,"minecraft:nether_gold_ore":26,"minecraft:tuff":2239,"minecraft:deepslate_diamond_ore":106,"minecraft:lever":1,"minecraft:dark_oak_fence":4,"minecraft:decorated_pot":46,"minecraft:moss_block":1,"minecraft:hay_block":15,"minecraft:oak_trapdoor":1,"minecraft:waxed_oxidized_cut_copper":1,"minecraft:furnace":6,"minecraft:waxed_copper_grate":2,"minecraft:andesite":15,"minecraft:gold_block":2,"minecraft:big_dripleaf_stem":1,"minecraft:bookshelf":18,"minecraft:potatoes":160,"minecraft:cobblestone_slab":1,"minecraft:deepslate_iron_ore":54,"minecraft:bamboo_sapling":7,"minecraft:bamboo":125,"minecraft:stone":394,"minecraft:white_wool":1,"minecraft:podzol":3,"minecraft:soul_sand":3,"minecraft:basalt":101,"minecraft:dandelion":2,"minecraft:crafting_table":9,"minecraft:cornflower":1,"minecraft:tuff_slab":57,"minecraft:short_grass":429,"minecraft:lectern":6,"minecraft:copper_ore":1,"minecraft:tall_grass":38,"minecraft:lapis_ore":5,"minecraft:deepslate_gold_ore":46,"minecraft:diorite":26,"minecraft:warped_wart_block":1,"minecraft:waxed_oxidized_copper_grate":6,"minecraft:birch_leaves":2,"minecraft:spruce_log":203,"minecraft:coal_ore":97,"minecraft:sunflower":1,"minecraft:gravel":51,"minecraft:cobweb":23,"minecraft:stone_bricks":17,"minecraft:gold_ore":2,"minecraft:fern":2},"minecraft:killed_by":{"minecraft:creeper":2,"minecraft:drowned":1,"minecraft:cave_spider":1,"minecraft:zombie":7,"minecraft:player":4,"minecraft:stray":35,"minecraft:spider":5,"minecraft:skeleton":9},"minecraft:killed":{"minecraft:cave_spider":2,"minecraft:witch":2,"minecraft:spider":142,"minecraft:skeleton":112,"minecraft:silverfish":13,"minecraft:magma_cube":3,"minecraft:piglin":2,"minecraft:pig":7,"minecraft:zombie_villager":1,"minecraft:creeper":89,"minecraft:sheep":17,"minecraft:trader_llama":1,"minecraft:pillager":7,"minecraft:zombie":154,"minecraft:ghast":4,"minecraft:stray":95,"minecraft:blaze":6,"minecraft:cow":48,"minecraft:armadillo":1,"minecraft:horse":4,"minecraft:drowned":3,"minecraft:hoglin":3,"minecraft:squid":1,"minecraft:breeze":17,"minecraft:wither_skeleton":4},"minecraft:broken":{"minecraft:iron_boots":3,"minecraft:iron_chestplate":3,"minecraft:iron_leggings":1,"minecraft:chainmail_boots":1,"minecraft:golden_leggings":1,"minecraft:iron_sword":3,"minecraft:bow":1,"minecraft:stone_sword":2,"minecraft:shield":3,"minecraft:iron_axe":1,"minecraft:iron_pickaxe":1,"minecraft:iron_helmet":3},"minecraft:used":{"minecraft:tuff_bricks":3,"minecraft:tuff_slab":1303,"minecraft:moss_block":1,"minecraft:moss_carpet":1,"minecraft:dispenser":5,"minecraft:ladder":4,"minecraft:oak_sign":1,"minecraft:chest":18,"minecraft:shield":145,"minecraft:stone":6,"minecraft:iron_sword":961,"minecraft:iron_chestplate":24,"minecraft:soul_sand":1,"minecraft:spruce_boat":2,"minecraft:glass":7,"minecraft:netherite_shovel":33,"minecraft:lava_bucket":1,"minecraft:stone_bricks":63,"minecraft:deepslate_diamond_ore":5,"minecraft:bow":277,"minecraft:ominous_bottle":4,"minecraft:furnace":6,"minecraft:gold_block":1,"minecraft:potato":239,"minecraft:diorite":4,"minecraft:stone_pickaxe":95,"minecraft:oak_planks":86,"minecraft:wooden_pickaxe":15,"minecraft:sugar_cane":42,"minecraft:diamond_axe":340,"minecraft:white_wool":1,"minecraft:golden_apple":5,"minecraft:blast_furnace":1,"minecraft:crossbow":45,"minecraft:lever":3,"minecraft:stone_button":2,"minecraft:melon_slice":38,"minecraft:bread":1,"minecraft:lectern":6,"minecraft:deepslate":13,"minecraft:gravel":2,"minecraft:diamond_sword":63,"minecraft:grindstone":3,"minecraft:oak_boat":4,"minecraft:bone_meal":192,"minecraft:experience_bottle":1,"minecraft:oak_trapdoor":5,"minecraft:netherite_sword":239,"minecraft:trident":273,"minecraft:enchanting_table":1,"minecraft:stone_sword":225,"minecraft:flint_and_steel":63,"minecraft:stone_shovel":28,"minecraft:redstone":1,"minecraft:spruce_planks":2,"minecraft:cooked_salmon":1,"minecraft:trial_key":7,"minecraft:cooked_chicken":2,"minecraft:netherrack":635,"minecraft:torch":95,"minecraft:dirt":69,"minecraft:anvil":2,"minecraft:hopper":3,"minecraft:iron_hoe":229,"minecraft:bookshelf":33,"minecraft:iron_axe":188,"minecraft:oak_stairs":2,"minecraft:red_candle":10,"minecraft:bamboo":226,"minecraft:smooth_basalt":2,"minecraft:diamond_chestplate":24,"minecraft:basalt":54,"minecraft:beef":7,"minecraft:soul_soil":27,"minecraft:netherite_pickaxe":3105,"minecraft:cooked_beef":160,"minecraft:cobbled_deepslate":423,"minecraft:observer":1,"minecraft:wheat_seeds":82,"minecraft:cooked_mutton":13,"minecraft:water_bucket":163,"minecraft:baked_potato":130,"minecraft:green_bed":6,"minecraft:cobblestone_slab":7,"minecraft:waxed_copper_block":2,"minecraft:tnt":138,"minecraft:crafting_table":15,"minecraft:white_bed":5,"minecraft:spruce_log":1,"minecraft:diamond_pickaxe":7558,"minecraft:apple":5,"minecraft:ominous_trial_key":6,"minecraft:diamond_shovel":485,"minecraft:wind_charge":32,"minecraft:iron_pickaxe":510,"minecraft:netherite_axe":23,"minecraft:spruce_sapling":19,"minecraft:stone_axe":40,"minecraft:cobblestone":60,"minecraft:potion":4,"minecraft:cooked_porkchop":2,"minecraft:porkchop":1,"minecraft:bucket":170,"minecraft:jukebox":6},"minecraft:crafted":{"minecraft:grindstone":1,"minecraft:oak_planks":672,"minecraft:cobblestone_slab":6,"minecraft:stone":72,"minecraft:lever":3,"minecraft:diamond_shovel":1,"minecraft:bookshelf":33,"minecraft:cooked_mutton":13,"minecraft:glass":7,"minecraft:hopper":3,"minecraft:stone_brick_slab":18,"minecraft:diamond_helmet":2,"minecraft:repeater":27,"minecraft:diamond_leggings":1,"minecraft:bow":4,"minecraft:iron_boots":3,"minecraft:netherite_boots":2,"minecraft:comparator":6,"minecraft:chest":18,"minecraft:netherite_helmet":1,"minecraft:stone_bricks":60,"minecraft:white_banner":1,"minecraft:deepslate":32,"minecraft:emerald":62,"minecraft:arrow":80,"minecraft:diamond_axe":1,"minecraft:crafting_table":5,"minecraft:spruce_planks":804,"minecraft:iron_helmet":3,"minecraft:wooden_pickaxe":1,"minecraft:baked_potato":152,"minecraft:dispenser":13,"minecraft:tnt":3,"minecraft:iron_chestplate":3,"minecraft:book":49,"minecraft:paper":180,"minecraft:diamond_pickaxe":4,"minecraft:yellow_dye":2,"minecraft:shield":4,"minecraft:stick":1891,"minecraft:stone_slab":6,"minecraft:iron_ingot":150,"minecraft:iron_pickaxe":2,"minecraft:iron_block":7,"minecraft:stone_sword":8,"minecraft:gold_ingot":134,"minecraft:redstone_torch":78,"minecraft:netherite_ingot":4,"minecraft:stone_shovel":1,"minecraft:netherite_sword":1,"minecraft:jukebox":2,"minecraft:wind_charge":4,"minecraft:furnace":2,"minecraft:stone_button":2,"minecraft:bone_meal":192,"minecraft:oak_trapdoor":4,"minecraft:flint_and_steel":2,"minecraft:scaffolding":360,"minecraft:netherite_chestplate":1,"minecraft:netherite_axe":1,"minecraft:netherite_leggings":1,"minecraft:tuff_slab":2526,"minecraft:ladder":6,"minecraft:iron_hoe":1,"minecraft:stone_pickaxe":1,"minecraft:diamond_boots":1,"minecraft:spruce_boat":1,"minecraft:netherite_scrap":18,"minecraft:observer":12,"minecraft:wheat":126,"minecraft:cooked_beef":40,"minecraft:netherite_pickaxe":1,"minecraft:diamond_sword":2,"minecraft:enchanting_table":1,"minecraft:iron_sword":4,"minecraft:bucket":5,"minecraft:stone_axe":1,"minecraft:enchanted_book":20,"minecraft:air":0,"minecraft:blue_dye":1,"minecraft:oak_boat":2,"minecraft:white_wool":2,"minecraft:oak_stairs":4,"minecraft:iron_leggings":2,"minecraft:anvil":2,"minecraft:white_bed":2,"minecraft:torch":88},"minecraft:dropped":{"minecraft:gold_ore":2,"minecraft:porkchop":6,"minecraft:glass_bottle":5,"minecraft:crossbow":3,"minecraft:netherite_upgrade_smithing_template":1,"minecraft:warped_roots":1,"minecraft:music_disc_creator_music_box":1,"minecraft:flint":20,"minecraft:dirt":7,"minecraft:deepslate_gold_ore":5,"minecraft:dispenser":10,"minecraft:mutton":4,"minecraft:sunflower":1,"minecraft:sand":40,"minecraft:sugar":6,"minecraft:bone":64,"minecraft:gold_ingot":7,"minecraft:tuff_slab":1408,"minecraft:gravel":72,"minecraft:stone_axe":2,"minecraft:lever":1,"minecraft:golden_chestplate":1,"minecraft:cobbled_deepslate":100,"minecraft:rotten_flesh":72,"minecraft:oak_planks":17,"minecraft:waxed_copper_block":3,"minecraft:carrot":1,"minecraft:tipped_arrow":10,"minecraft:gunpowder":2,"minecraft:coal_ore":2,"minecraft:chest":53,"minecraft:arrow":15,"minecraft:beef":5,"minecraft:warped_wart_block":1,"minecraft:scaffolding":363,"minecraft:quartz":195,"minecraft:netherrack":2190,"minecraft:enchanted_book":9,"minecraft:bread":7,"minecraft:wheat_seeds":23,"minecraft:golden_helmet":1,"minecraft:poisonous_potato":4,"minecraft:iron_helmet":1,"minecraft:feather":1,"minecraft:cobblestone":34,"minecraft:prismarine_crystals":2,"minecraft:book":1,"minecraft:observer":11,"minecraft:granite":13,"minecraft:coal":4,"minecraft:stick":25,"minecraft:diorite":8,"minecraft:ink_sac":3,"minecraft:torch":12,"minecraft:repeater":27,"minecraft:potion":1,"minecraft:iron_leggings":2,"minecraft:heart_of_the_sea":1,"minecraft:string":32,"minecraft:bucket":1,"minecraft:redstone":53,"minecraft:furnace":2,"minecraft:moss_carpet":1,"minecraft:kelp":5,"minecraft:tuff_bricks":1,"minecraft:netherite_hoe":1,"minecraft:netherite_ingot":1,"minecraft:stone_sword":2,"minecraft:raw_copper":4,"minecraft:deepslate":52,"minecraft:tuff":1401,"minecraft:diamond_hoe":2,"minecraft:iron_boots":7,"minecraft:iron_hoe":1,"minecraft:comparator":6,"minecraft:flint_and_steel":1,"minecraft:filled_map":1,"minecraft:diamond_sword":1,"minecraft:big_dripleaf":3,"minecraft:potato":2,"minecraft:stone":32,"minecraft:trial_key":3,"minecraft:diamond_chestplate":1,"minecraft:diamond_pickaxe":3,"minecraft:iron_chestplate":2,"minecraft:andesite":8,"minecraft:golden_leggings":1,"minecraft:oak_sapling":3,"minecraft:redstone_torch":5,"minecraft:spider_eye":41,"minecraft:bamboo":2,"minecraft:bow":7,"minecraft:stone_pickaxe":1,"minecraft:wooden_pickaxe":1,"minecraft:magma_block":16,"minecraft:waxed_oxidized_copper_grate":9,"minecraft:brick":35},"minecraft:custom":{"minecraft:animals_bred":10,"minecraft:interact_with_crafting_table":113,"minecraft:open_barrel":26,"minecraft:leave_game":8,"minecraft:time_since_death":131992,"minecraft:sprint_one_cm":2132715,"minecraft:damage_blocked_by_shield":7354,"minecraft:drop":301,"minecraft:talked_to_villager":73,"minecraft:play_time":821810,"minecraft:deaths":74,"minecraft:jump":12913,"minecraft:walk_on_water_one_cm":166400,"minecraft:enchant_item":62,"minecraft:interact_with_furnace":194,"minecraft:play_record":11,"minecraft:traded_with_villager":96,"minecraft:interact_with_loom":8,"minecraft:sleep_in_bed":17,"minecraft:damage_dealt":75422,"minecraft:player_kills":3,"minecraft:crouch_one_cm":357156,"minecraft:inspect_dispenser":14,"minecraft:interact_with_smithing_table":8,"minecraft:interact_with_anvil":23,"minecraft:mob_kills":773,"minecraft:inspect_hopper":33,"minecraft:climb_one_cm":78006,"minecraft:walk_one_cm":1176118,"minecraft:sneak_time":92642,"minecraft:walk_under_water_one_cm":144719,"minecraft:boat_one_cm":153576,"minecraft:interact_with_blast_furnace":9,"minecraft:total_world_time":821810,"minecraft:interact_with_grindstone":14,"minecraft:time_since_rest":27535,"minecraft:damage_absorbed":203,"minecraft:damage_taken":40776,"minecraft:swim_one_cm":234835,"minecraft:fly_one_cm":3199604,"minecraft:open_chest":445,"minecraft:fall_one_cm":472982}},"DataVersion":3953}