{"stats":{"minecraft:broken":{"minecraft:wooden_shovel":3,"minecraft:stone_pickaxe":2,"minecraft:wooden_axe":1,"minecraft:leather_chestplate":1,"minecraft:wooden_hoe":1},"minecraft:crafted":{"minecraft:oak_planks":272,"minecraft:stone_hoe":1,"minecraft:oak_slab":150,"minecraft:wooden_shovel":7,"minecraft:crafting_table":2,"minecraft:spruce_planks":4,"minecraft:wooden_pickaxe":1,"minecraft:birch_planks":20,"minecraft:wooden_hoe":2,"minecraft:stick":136,"minecraft:iron_pickaxe":8,"minecraft:iron_ingot":48,"minecraft:stone_shovel":3,"minecraft:jukebox":1,"minecraft:furnace":2,"minecraft:bone_meal":30,"minecraft:iron_axe":3,"minecraft:stone_pickaxe":3,"minecraft:spruce_boat":1,"minecraft:dark_oak_planks":28,"minecraft:cooked_beef":6,"minecraft:bowl":8,"minecraft:bucket":1,"minecraft:dark_oak_button":6,"minecraft:stone_axe":6,"minecraft:glowstone":1,"minecraft:air":0,"minecraft:jungle_planks":76,"minecraft:oak_boat":2,"minecraft:wooden_axe":5,"minecraft:acacia_planks":36,"minecraft:torch":44},"minecraft:killed":{"minecraft:spider":3,"minecraft:magma_cube":4,"minecraft:wolf":2,"minecraft:piglin":1,"minecraft:pig":1,"minecraft:zombie":3,"minecraft:stray":3,"minecraft:ghast":1,"minecraft:blaze":1,"minecraft:vex":2,"minecraft:vindicator":1,"minecraft:drowned":2,"minecraft:ocelot":1,"minecraft:husk":2,"minecraft:rabbit":1,"endofherobrine:sheep":10},"minecraft:used":{"minecraft:music_disc_far":1,"minecraft:chest":29,"minecraft:snowball":53,"minecraft:spruce_boat":1,"minecraft:furnace":2,"minecraft:oak_sapling":9,"minecraft:egg":1,"minecraft:potato":9,"minecraft:diorite":16,"minecraft:stone_pickaxe":342,"minecraft:prismarine":9,"minecraft:oak_planks":3,"minecraft:wooden_pickaxe":16,"minecraft:sand":1,"minecraft:mushroom_stew":9,"minecraft:dark_oak_log":1,"minecraft:music_disc_mall":1,"minecraft:melon_slice":9,"minecraft:red_terracotta":2,"minecraft:andesite":2,"minecraft:oak_boat":2,"minecraft:bone_meal":47,"minecraft:stone_shovel":72,"minecraft:wooden_shovel":267,"minecraft:stone_hoe":37,"minecraft:torch":19,"minecraft:dirt":120,"minecraft:cod_bucket":1,"minecraft:granite":1,"minecraft:wooden_axe":115,"minecraft:iron_axe":175,"minecraft:bamboo":11,"minecraft:glowstone":1,"minecraft:cooked_beef":4,"minecraft:acacia_planks":5,"minecraft:orange_terracotta":5,"minecraft:wheat_seeds":83,"minecraft:water_bucket":29,"minecraft:oak_slab":153,"minecraft:crafting_table":2,"minecraft:oak_log":5,"minecraft:wooden_hoe":71,"minecraft:diamond_pickaxe":33,"minecraft:apple":2,"minecraft:iron_pickaxe":675,"minecraft:spruce_sapling":6,"minecraft:stone_axe":185,"minecraft:cobblestone":26,"minecraft:bucket":28,"minecraft:jukebox":1},"minecraft:dropped":{"minecraft:oak_log":3,"minecraft:diamond":4,"minecraft:dirt":84,"minecraft:dark_oak_log":5,"minecraft:snowball":40,"minecraft:iron_pickaxe":4,"minecraft:birch_log":2,"minecraft:stone_axe":7,"minecraft:oak_planks":17,"minecraft:poppy":2,"minecraft:rabbit_hide":2,"minecraft:chest":1,"minecraft:iron_ingot":5,"minecraft:oak_slab":31,"minecraft:mossy_cobblestone":3,"minecraft:cobblestone":232,"minecraft:granite":2,"minecraft:coal":8,"minecraft:mushroom_stew":2,"minecraft:stick":16,"minecraft:diorite":32,"minecraft:torch":73,"minecraft:wooden_hoe":1,"minecraft:wooden_axe":3,"minecraft:melon_slice":11,"minecraft:dead_bush":4,"minecraft:pumpkin":1,"minecraft:iron_axe":2,"minecraft:iron_shovel":1,"minecraft:bucket":1,"minecraft:redstone":13,"minecraft:raw_iron":7,"minecraft:stone_shovel":5,"minecraft:orange_terracotta":1,"minecraft:spruce_planks":1,"minecraft:diamond_pickaxe":8,"minecraft:andesite":16,"minecraft:oak_sapling":1,"minecraft:wooden_shovel":2,"minecraft:spruce_log":43,"minecraft:bow":1,"minecraft:stone_pickaxe":10},"minecraft:custom":{"minecraft:animals_bred":1,"minecraft:interact_with_crafting_table":56,"minecraft:leave_game":9,"minecraft:time_since_death":2291,"minecraft:sprint_one_cm":282080,"minecraft:drop":140,"minecraft:talked_to_villager":16,"minecraft:play_time":236845,"minecraft:deaths":37,"minecraft:jump":1596,"minecraft:walk_on_water_one_cm":4054,"minecraft:interact_with_furnace":49,"minecraft:play_record":2,"minecraft:damage_dealt":7761,"minecraft:player_kills":8,"minecraft:crouch_one_cm":161585,"minecraft:mob_kills":51,"minecraft:walk_one_cm":296091,"minecraft:sneak_time":70320,"minecraft:walk_under_water_one_cm":36710,"minecraft:boat_one_cm":43138,"minecraft:total_world_time":236845,"minecraft:time_since_rest":2317,"minecraft:damage_taken":11217,"minecraft:swim_one_cm":14755,"minecraft:fly_one_cm":320263,"minecraft:open_chest":667,"minecraft:fall_one_cm":14263},"minecraft:killed_by":{"endofherobrine:sheep":2,"minecraft:magma_cube":1,"minecraft:piglin":3,"minecraft:blaze":1,"minecraft:zombie":1,"minecraft:vex":10,"minecraft:player":4,"goat_man:goat_man":1,"cartoon_dweller:cartoon_dweller":3,"endofherobrine:villager":1},"minecraft:mined":{"minecraft:oak_sapling":3,"minecraft:farmland":11,"minecraft:red_nether_bricks":5,"minecraft:granite":30,"minecraft:red_sand":9,"minecraft:acacia_log":6,"minecraft:grass_block":204,"minecraft:dead_tube_coral_block":2,"minecraft:jungle_log":1,"minecraft:soul_soil":3,"minecraft:coal_block":2,"minecraft:bubble_coral_block":6,"minecraft:tube_coral_block":5,"minecraft:gilded_blackstone":4,"minecraft:magma_block":6,"minecraft:glowstone":5,"minecraft:iron_ore":37,"minecraft:fire":29,"minecraft:pumpkin":7,"minecraft:brain_coral_block":9,"minecraft:blackstone":1,"minecraft:crimson_nylium":3,"minecraft:orange_terracotta":21,"minecraft:clay":43,"minecraft:torch":5,"minecraft:light_gray_terracotta":10,"minecraft:melon":7,"minecraft:chest":28,"minecraft:nether_quartz_ore":1,"minecraft:cobblestone":133,"minecraft:prismarine":81,"minecraft:oak_planks":3,"minecraft:white_terracotta":9,"minecraft:warped_nylium":10,"minecraft:nether_wart_block":7,"minecraft:birch_log":26,"minecraft:wheat":31,"minecraft:oak_log":114,"minecraft:sand":74,"minecraft:dirt":109,"minecraft:netherrack":8,"minecraft:ancient_debris":1,"minecraft:oak_leaves":24,"minecraft:horn_coral_block":8,"minecraft:yellow_terracotta":5,"minecraft:nether_gold_ore":2,"minecraft:dark_prismarine":35,"minecraft:diamond_ore":4,"minecraft:mossy_cobblestone":16,"minecraft:dark_oak_log":22,"minecraft:sea_lantern":19,"minecraft:nether_bricks":1,"minecraft:sandstone":29,"minecraft:redstone_ore":13,"minecraft:red_sandstone":48,"minecraft:andesite":35,"minecraft:gold_block":1,"minecraft:dead_horn_coral_block":6,"minecraft:potatoes":2,"minecraft:shroomlight":4,"minecraft:packed_ice":11,"minecraft:bamboo":2,"minecraft:stone":127,"minecraft:fire_coral_block":7,"minecraft:podzol":12,"minecraft:oak_slab":32,"minecraft:redstone_block":1,"minecraft:soul_sand":2,"minecraft:snow_block":45,"minecraft:basalt":4,"minecraft:crafting_table":1,"minecraft:emerald_ore":8,"minecraft:sponge":12,"minecraft:lapis_ore":4,"minecraft:diorite":70,"minecraft:warped_wart_block":1,"minecraft:prismarine_bricks":30,"minecraft:dead_fire_coral_block":1,"minecraft:red_terracotta":12,"minecraft:spruce_log":75,"minecraft:dead_brain_coral_block":1,"minecraft:coal_ore":45,"minecraft:gravel":40,"minecraft:brown_terracotta":17,"minecraft:terracotta":23,"minecraft:gold_ore":12},"minecraft:picked_up":{"minecraft:seagrass":2,"minecraft:wheat":30,"minecraft:redstone_block":1,"minecraft:turtle_egg":2,"minecraft:gilded_blackstone":10,"minecraft:cod_bucket":1,"minecraft:string":8,"minecraft:dead_tube_coral_block":8,"minecraft:soul_soil":14,"minecraft:red_nether_bricks":7,"minecraft:shroomlight":11,"minecraft:sea_pickle":4,"minecraft:red_sand":28,"minecraft:gold_nugget":35,"minecraft:bucket":1,"minecraft:bubble_coral":1,"minecraft:wooden_shovel":1,"minecraft:iron_pickaxe":6,"minecraft:melon_slice":55,"minecraft:coal_block":2,"minecraft:tipped_arrow":2,"minecraft:stick":41,"minecraft:brown_terracotta":21,"minecraft:torch":94,"minecraft:acacia_log":15,"minecraft:porkchop":1,"minecraft:diorite":95,"minecraft:vine":2,"minecraft:horn_coral_fan":1,"minecraft:rotten_flesh":10,"minecraft:tropical_fish":1,"minecraft:salmon_bucket":1,"minecraft:white_terracotta":9,"minecraft:obsidian":3,"minecraft:snowball":515,"minecraft:cobblestone":610,"minecraft:nautilus_shell":2,"minecraft:sponge":14,"minecraft:birch_log":33,"minecraft:magma_block":19,"minecraft:leather_chestplate":1,"minecraft:feather":6,"minecraft:andesite":81,"minecraft:potato":11,"minecraft:flint":7,"minecraft:prismarine_bricks":61,"minecraft:lapis_lazuli":26,"minecraft:dirt":411,"minecraft:bone":9,"minecraft:bow":1,"minecraft:wheat_seeds":85,"minecraft:raw_gold":13,"minecraft:rabbit":2,"minecraft:glowstone_dust":62,"minecraft:bamboo":4,"minecraft:prismarine":96,"minecraft:stone_hoe":1,"minecraft:oak_planks":18,"minecraft:brain_coral":1,"minecraft:ghast_tear":2,"minecraft:warped_wart_block":2,"minecraft:sand":107,"minecraft:ink_sac":5,"minecraft:dead_bush":4,"minecraft:red_terracotta":15,"minecraft:dark_oak_log":47,"minecraft:mossy_cobblestone":17,"minecraft:dark_prismarine":65,"minecraft:light_gray_terracotta":12,"minecraft:diamond":8,"minecraft:dead_brain_coral_block":17,"minecraft:blue_ice":2,"minecraft:granite":57,"minecraft:bone_meal":8,"minecraft:nether_sprouts":2,"minecraft:emerald":5,"minecraft:oak_sapling":27,"minecraft:netherrack":40,"minecraft:diamond_pickaxe":9,"minecraft:cocoa_beans":5,"minecraft:crafting_table":1,"minecraft:clay_ball":260,"minecraft:brown_mushroom":4,"minecraft:gold_block":1,"minecraft:dead_horn_coral_block":19,"minecraft:fire_coral":1,"minecraft:iron_axe":5,"minecraft:netherite_scrap":1,"minecraft:iron_shovel":2,"minecraft:beef":8,"minecraft:iron_nugget":16,"minecraft:birch_sapling":1,"minecraft:chest":45,"minecraft:egg":1,"minecraft:dark_oak_sapling":2,"minecraft:raw_iron":60,"minecraft:sandstone":34,"minecraft:redstone":81,"minecraft:prismarine_crystals":65,"minecraft:arrow":4,"minecraft:stone_shovel":6,"minecraft:nether_bricks":8,"minecraft:tube_coral_fan":1,"minecraft:yellow_terracotta":3,"minecraft:mutton":2,"minecraft:basalt":7,"minecraft:leather":8,"minecraft:red_mushroom":1,"minecraft:mushroom_stew":2,"minecraft:oak_log":125,"minecraft:ancient_debris":1,"minecraft:nether_wart_block":10,"minecraft:gunpowder":2,"minecraft:orange_terracotta":30,"minecraft:apple":7,"minecraft:kelp":2,"minecraft:red_sandstone":54,"minecraft:rabbit_hide":6,"minecraft:iron_ingot":4,"minecraft:pufferfish_bucket":1,"minecraft:stone_pickaxe":11,"minecraft:cobweb":7,"minecraft:soul_sand":13,"minecraft:acacia_sapling":2,"minecraft:tropical_fish_bucket":1,"minecraft:book":4,"minecraft:oak_slab":53,"minecraft:pumpkin":8,"minecraft:quartz":6,"minecraft:lava_bucket":1,"minecraft:gravel":64,"minecraft:brain_coral_fan":2,"minecraft:dead_fire_coral_block":12,"minecraft:spruce_sapling":4,"minecraft:spruce_log":128,"minecraft:music_disc_mall":1,"minecraft:stone_axe":8,"minecraft:dead_bubble_coral_block":12,"minecraft:terracotta":32,"minecraft:coal":92}},"DataVersion":3120}