{"stats":{"minecraft:used":{"minecraft:stone_sword":2,"minecraft:iron_shovel":28,"minecraft:chest":2,"minecraft:spruce_planks":1,"minecraft:shield":47,"minecraft:iron_sword":83,"minecraft:sculk":1,"minecraft:iron_chestplate":1,"minecraft:torch":3,"minecraft:dirt":53,"minecraft:spyglass":4,"chococraft:chocobo_drumstick_raw":2,"minecraft:iron_axe":156,"minecraft:crimson_planks":4,"minecraft:cooked_beef":30,"minecraft:acacia_planks":24,"minecraft:acacia_boat":1,"minecraft:water_bucket":8,"minecraft:terracotta":11,"minecraft:crafting_table":14,"minecraft:purple_terracotta":7,"minecraft:infested_stone_bricks":1,"minecraft:bread":9,"minecraft:iron_pickaxe":155,"minecraft:polished_granite":5,"minecraft:cobblestone":50,"minecraft:potion":1,"minecraft:dark_oak_fence":1,"minecraft:bucket":9,"chococraft:gysahl_green":1,"minecraft:experience_bottle":9},"minecraft:killed":{"minecraft:spider":5,"minecraft:skeleton":14,"minecraft:sheep":3,"minecraft:zombie":8,"chococraft:chocobo":4,"minecraft:cow":6},"minecraft:crafted":{"useless_sword:emerald_boots":1,"minecraft:oak_planks":12,"minecraft:iron_nugget":18,"usefulbackpacks:backpack_small":1,"useless_sword:emerald_chestplate":1,"chococraft:chocobo_saddle_bags":1,"minecraft:iron_axe":2,"minecraft:chest":1,"useless_sword:emerald_helmet":1,"minecraft:crimson_planks":4,"minecraft:crafting_table":2,"minecraft:iron_sword":1,"chococraft:chocopedia":1,"useless_sword:emerald_leggings":1,"minecraft:acacia_boat":1,"minecraft:white_wool":4,"minecraft:iron_chestplate":1,"minecraft:shield":2,"minecraft:stick":4,"minecraft:iron_pickaxe":1,"minecraft:iron_ingot":3,"chococraft:chocobo_saddle":1,"minecraft:acacia_planks":56,"minecraft:torch":4},"minecraft:killed_by":{"minecraft:warden":5,"minecraft:skeleton":8,"minecraft:zombie":1},"minecraft:mined":{"minecraft:spruce_planks":5,"minecraft:stripped_crimson_hyphae":3,"minecraft:dark_oak_fence":1,"minecraft:chiseled_bookshelf":1,"minecraft:purple_terracotta":7,"minecraft:acacia_log":3,"minecraft:grass_block":18,"minecraft:spawner":2,"minecraft:acacia_wood":20,"minecraft:granite_slab":4,"minecraft:enchanting_table":1,"minecraft:gold_block":4,"minecraft:dark_oak_stairs":1,"minecraft:sculk_shrieker":1,"minecraft:bookshelf":2,"chococraft:gysahl_green":13,"minecraft:stone":99,"minecraft:red_bed":1,"minecraft:cyan_terracotta":5,"minecraft:polished_granite":5,"minecraft:crafting_table":12,"minecraft:torch":2,"minecraft:chest":1,"minecraft:dead_bush":2,"minecraft:rose_bush":1,"minecraft:tall_grass":2,"minecraft:cobblestone":5,"biomesoplenty:sprout":1,"minecraft:sculk":1,"minecraft:wall_torch":1,"minecraft:dark_oak_slab":4,"minecraft:birch_leaves":3,"minecraft:grass":21,"minecraft:oak_log":3,"minecraft:coal_ore":16,"minecraft:dirt":14,"structure_gel:dynamic_spawner":1,"minecraft:cobweb":8,"minecraft:terracotta":1,"minecraft:acacia_planks":13,"minecraft:polished_andesite":4,"minecraft:stone_bricks":1,"biomesoplenty:redwood_wood":2,"minecraft:fern":1},"minecraft:picked_up":{"chococraft:loverly_gysahl_green":8,"minecraft:crafting_table":12,"minecraft:iron_chestplate":2,"minecraft:wheat":3,"minecraft:chainmail_boots":2,"minecraft:lead":4,"minecraft:gold_block":4,"minecraft:string":15,"minecraft:red_bed":1,"minecraft:iron_leggings":1,"minecraft:iron_shovel":1,"minecraft:spruce_planks":1,"minecraft:beef":12,"minecraft:chest":1,"minecraft:phantom_membrane":3,"minecraft:stripped_crimson_hyphae":1,"minecraft:stick":3,"minecraft:torch":2,"minecraft:acacia_log":3,"minecraft:carrot":1,"minecraft:purple_terracotta":7,"minecraft:stone_sword":1,"minecraft:arrow":9,"minecraft:rotten_flesh":14,"chococraft:chocobo_drumstick_raw":5,"minecraft:mutton":4,"minecraft:iron_bars":1,"minecraft:white_wool":3,"minecraft:cobblestone":102,"minecraft:enchanting_table":1,"minecraft:cooked_beef":64,"minecraft:leather":7,"minecraft:acacia_wood":11,"minecraft:oak_log":3,"minecraft:chainmail_chestplate":1,"minecraft:acacia_boat":1,"minecraft:gunpowder":5,"minecraft:dirt":63,"minecraft:polished_granite":7,"chococraft:chocobo_feather":4,"minecraft:red_carpet":1,"minecraft:bone":13,"chococraft:gysahl_green":52,"minecraft:acacia_planks":8,"minecraft:stone_bricks":1,"chococraft:gold_gysahl":2,"minecraft:wheat_seeds":8,"minecraft:iron_ingot":10,"minecraft:glowstone_dust":2,"minecraft:oak_planks":1,"minecraft:dark_oak_stairs":1,"minecraft:book":3,"minecraft:dark_oak_slab":1,"chococraft:gysahl_green_seeds":13,"minecraft:granite_slab":8,"minecraft:spider_eye":4,"minecraft:polished_andesite":6,"minecraft:sugar":1,"chococraft:chocobo_whistle":1,"minecraft:iron_helmet":1,"minecraft:emerald":13,"minecraft:chainmail_helmet":1,"minecraft:terracotta":6,"minecraft:coal":16,"minecraft:dark_oak_fence":1,"minecraft:andesite_slab":8},"minecraft:broken":{"minecraft:shield":1},"minecraft:custom":{"minecraft:mob_kills":42,"minecraft:animals_bred":2,"minecraft:interact_with_crafting_table":18,"minecraft:open_barrel":24,"minecraft:leave_game":2,"minecraft:time_since_death":3847,"minecraft:climb_one_cm":7253,"minecraft:sprint_one_cm":208986,"minecraft:walk_one_cm":204712,"minecraft:damage_blocked_by_shield":3000,"minecraft:drop":35,"minecraft:play_time":112170,"minecraft:deaths":17,"minecraft:sneak_time":13603,"minecraft:walk_under_water_one_cm":1586,"minecraft:boat_one_cm":57346,"minecraft:jump":1666,"minecraft:walk_on_water_one_cm":4772,"minecraft:total_world_time":112170,"minecraft:sleep_in_bed":1,"minecraft:time_since_rest":3878,"minecraft:waystone_activated":1,"minecraft:damage_taken":8932,"minecraft:damage_dealt":9148,"minecraft:swim_one_cm":8611,"minecraft:fly_one_cm":264593,"minecraft:player_kills":1,"minecraft:open_chest":33,"minecraft:crouch_one_cm":39795,"minecraft:fall_one_cm":94297},"minecraft:dropped":{"minecraft:dark_oak_stairs":1,"minecraft:wheat_seeds":7,"minecraft:glass_bottle":1,"minecraft:cobblestone":7,"minecraft:leather":1,"chococraft:gysahl_green_seeds":9,"minecraft:chainmail_helmet":1,"minecraft:dirt":1,"minecraft:mutton":4,"chococraft:chocobo_drumstick_raw":3,"minecraft:string":6,"minecraft:white_wool":3,"minecraft:iron_nugget":1,"minecraft:rotten_flesh":4,"minecraft:carrot":1,"minecraft:chainmail_boots":1,"minecraft:spider_eye":3,"minecraft:stone_bricks":1,"minecraft:iron_bars":1,"chococraft:gysahl_green":1,"minecraft:terracotta":1}},"DataVersion":3465}