{"stats":{"minecraft:picked_up":{"minecraft:iron_chestplate":1,"minecraft:crafting_table":8,"minecraft:clay_ball":4,"minecraft:gold_block":2,"minecraft:potion":3,"minecraft:shield":2,"minecraft:brick":35,"minecraft:wind_charge":6,"minecraft:string":43,"minecraft:moss_carpet":2,"minecraft:raw_copper":4,"minecraft:iron_leggings":1,"minecraft:cobbled_deepslate":236,"minecraft:beef":5,"minecraft:trial_key":18,"minecraft:oak_boat":3,"minecraft:cobblestone_slab":1,"minecraft:melon_slice":48,"minecraft:sugar_cane":23,"minecraft:furnace":6,"minecraft:tipped_arrow":45,"minecraft:raw_iron":54,"minecraft:big_dripleaf":3,"minecraft:porkchop":6,"minecraft:diorite":7,"minecraft:trident":1,"minecraft:music_disc_creator_music_box":1,"minecraft:rotten_flesh":4,"minecraft:arrow":94,"minecraft:diamond_chestplate":2,"minecraft:decorated_pot":1,"minecraft:mutton":13,"minecraft:white_wool":8,"minecraft:cobblestone":79,"minecraft:cooked_beef":19,"minecraft:cut_sandstone":1,"minecraft:leather":12,"minecraft:golden_leggings":1,"minecraft:flint":1,"minecraft:tuff":3,"minecraft:oak_log":19,"minecraft:lapis_lazuli":32,"minecraft:dirt":15,"minecraft:bone":92,"minecraft:kelp":5,"minecraft:bow":3,"minecraft:wheat_seeds":10,"minecraft:raw_gold":10,"minecraft:iron_ingot":28,"minecraft:bolt_armor_trim_smithing_template":1,"minecraft:bamboo":14,"minecraft:moss_block":1,"minecraft:oak_planks":2,"minecraft:smooth_basalt":2,"minecraft:cooked_porkchop":6,"minecraft:gravel":8,"minecraft:sand":40,"minecraft:white_bed":3,"minecraft:spider_eye":9,"minecraft:diamond":12,"minecraft:stone_axe":1,"minecraft:granite":14,"minecraft:crossbow":3,"minecraft:breeze_rod":12,"minecraft:golden_apple":1,"minecraft:bread":7,"minecraft:emerald":39,"minecraft:oak_sapling":3,"minecraft:coal":82},"minecraft:mined":{"minecraft:waxed_cut_copper_slab":1,"minecraft:tuff":4,"minecraft:white_bed":3,"minecraft:deepslate_diamond_ore":10,"minecraft:granite":14,"minecraft:grass_block":2,"minecraft:decorated_pot":46,"minecraft:chiseled_tuff_bricks":4,"minecraft:moss_block":1,"minecraft:tuff_bricks":43,"minecraft:spawner":2,"minecraft:waxed_oxidized_cut_copper":1,"minecraft:furnace":4,"minecraft:iron_ore":51,"minecraft:waxed_copper_grate":2,"minecraft:cobbled_deepslate":7,"minecraft:fire":25,"minecraft:deepslate_lapis_ore":1,"minecraft:big_dripleaf_stem":1,"minecraft:gold_block":2,"minecraft:dirt_path":1,"minecraft:deepslate_iron_ore":4,"minecraft:cobblestone_slab":1,"minecraft:bamboo":6,"minecraft:stone":77,"minecraft:cut_sandstone":1,"minecraft:kelp_plant":4,"minecraft:clay":2,"minecraft:crafting_table":6,"minecraft:short_grass":107,"minecraft:melon":8,"minecraft:copper_ore":1,"minecraft:tall_grass":15,"minecraft:cobblestone":6,"minecraft:deepslate_gold_ore":10,"minecraft:lapis_ore":5,"minecraft:oak_planks":3,"minecraft:sugar_cane":12,"minecraft:waxed_chiseled_copper":1,"minecraft:diorite":4,"minecraft:waxed_copper_block":13,"minecraft:oak_log":19,"minecraft:coal_ore":46,"minecraft:gravel":16,"minecraft:dirt":9,"minecraft:sand":1,"minecraft:cobweb":12,"minecraft:smooth_basalt":2,"minecraft:oak_leaves":6,"minecraft:deepslate":230,"minecraft:fern":2},"minecraft:killed_by":{"minecraft:player":1,"minecraft:stray":11,"minecraft:creeper":1,"minecraft:spider":2,"minecraft:cave_spider":1,"minecraft:skeleton":3,"minecraft:zombie":1},"minecraft:killed":{"minecraft:armadillo":1,"minecraft:cave_spider":2,"minecraft:spider":45,"minecraft:skeleton":6,"minecraft:pig":5,"minecraft:creeper":1,"minecraft:sheep":7,"minecraft:zombie":6,"minecraft:stray":55,"minecraft:breeze":8,"minecraft:cow":11},"minecraft:broken":{"minecraft:stone_sword":1,"minecraft:iron_boots":1,"minecraft:golden_leggings":1,"minecraft:shield":2,"minecraft:iron_sword":1,"minecraft:iron_pickaxe":1,"minecraft:iron_helmet":1,"minecraft:bow":1},"minecraft:used":{"minecraft:moss_block":1,"minecraft:moss_carpet":1,"minecraft:stone_sword":159,"minecraft:flint_and_steel":43,"minecraft:stone_shovel":28,"minecraft:shield":97,"minecraft:iron_sword":249,"minecraft:cooked_salmon":1,"minecraft:trial_key":6,"minecraft:iron_chestplate":24,"minecraft:dirt":8,"minecraft:iron_axe":88,"minecraft:smooth_basalt":2,"minecraft:diamond_chestplate":24,"minecraft:bow":64,"minecraft:furnace":4,"minecraft:gold_block":1,"minecraft:cooked_beef":76,"minecraft:potato":1,"minecraft:cobbled_deepslate":224,"minecraft:cooked_mutton":13,"minecraft:water_bucket":35,"minecraft:diorite":4,"minecraft:stone_pickaxe":95,"minecraft:baked_potato":12,"minecraft:oak_planks":33,"minecraft:wooden_pickaxe":15,"minecraft:cobblestone_slab":7,"minecraft:crafting_table":10,"minecraft:crossbow":23,"minecraft:white_bed":5,"minecraft:apple":5,"minecraft:wind_charge":8,"minecraft:iron_pickaxe":475,"minecraft:stone_axe":40,"minecraft:cobblestone":48,"minecraft:bucket":36,"minecraft:oak_boat":3},"minecraft:crafted":{"minecraft:oak_planks":76,"minecraft:cobblestone_slab":6,"minecraft:stone_shovel":1,"minecraft:furnace":2,"minecraft:cooked_mutton":13,"minecraft:flint_and_steel":1,"minecraft:iron_boots":1,"minecraft:stone_pickaxe":1,"minecraft:crafting_table":2,"minecraft:iron_helmet":1,"minecraft:wooden_pickaxe":1,"minecraft:baked_potato":12,"minecraft:iron_sword":1,"minecraft:bucket":1,"minecraft:stone_axe":1,"minecraft:air":0,"minecraft:oak_boat":1,"minecraft:iron_chestplate":1,"minecraft:shield":2,"minecraft:stick":16,"minecraft:iron_ingot":51,"minecraft:iron_pickaxe":2,"minecraft:stone_sword":1,"minecraft:iron_leggings":1,"minecraft:gold_ingot":9,"minecraft:white_bed":2},"minecraft:dropped":{"minecraft:bread":7,"minecraft:porkchop":6,"minecraft:wheat_seeds":10,"minecraft:crossbow":2,"minecraft:feather":1,"minecraft:cobblestone":2,"minecraft:prismarine_crystals":2,"minecraft:granite":13,"minecraft:music_disc_creator_music_box":1,"minecraft:stick":2,"minecraft:dirt":2,"minecraft:diorite":3,"minecraft:torch":12,"minecraft:potion":1,"minecraft:iron_leggings":2,"minecraft:heart_of_the_sea":1,"minecraft:sand":40,"minecraft:string":3,"minecraft:bucket":1,"minecraft:gold_ingot":7,"minecraft:gravel":8,"minecraft:furnace":2,"minecraft:stone_axe":2,"minecraft:moss_carpet":1,"minecraft:kelp":5,"minecraft:golden_chestplate":1,"minecraft:cobbled_deepslate":11,"minecraft:raw_copper":4,"minecraft:tuff":3,"minecraft:rotten_flesh":4,"minecraft:oak_planks":1,"minecraft:filled_map":1,"minecraft:big_dripleaf":3,"minecraft:tipped_arrow":6,"minecraft:trial_key":3,"minecraft:diamond_chestplate":1,"minecraft:iron_chestplate":1,"minecraft:golden_leggings":1,"minecraft:oak_sapling":3,"minecraft:spider_eye":5,"minecraft:bamboo":2,"minecraft:bow":1,"minecraft:arrow":10,"minecraft:beef":5,"minecraft:stone_pickaxe":1,"minecraft:wooden_pickaxe":1,"minecraft:scaffolding":3,"minecraft:brick":35},"minecraft:custom":{"minecraft:mob_kills":162,"minecraft:interact_with_crafting_table":19,"minecraft:open_barrel":13,"minecraft:leave_game":4,"minecraft:time_since_death":8385,"minecraft:climb_one_cm":15348,"minecraft:sprint_one_cm":561746,"minecraft:walk_one_cm":252685,"minecraft:damage_blocked_by_shield":5031,"minecraft:drop":75,"minecraft:talked_to_villager":1,"minecraft:play_time":161218,"minecraft:sneak_time":15891,"minecraft:deaths":22,"minecraft:walk_under_water_one_cm":11325,"minecraft:boat_one_cm":117186,"minecraft:jump":3132,"minecraft:walk_on_water_one_cm":29431,"minecraft:total_world_time":161218,"minecraft:interact_with_furnace":63,"minecraft:sleep_in_bed":4,"minecraft:time_since_rest":8409,"minecraft:damage_taken":14129,"minecraft:damage_dealt":22766,"minecraft:swim_one_cm":31553,"minecraft:fly_one_cm":546066,"minecraft:open_chest":25,"minecraft:crouch_one_cm":28782,"minecraft:fall_one_cm":95725,"minecraft:inspect_dispenser":1}},"DataVersion":3953}