{"stats":{"minecraft:broken":{"minecraft:iron_boots":3,"minecraft:iron_chestplate":3,"minecraft:iron_leggings":1,"minecraft:chainmail_boots":1,"minecraft:iron_sword":3,"minecraft:bow":1,"minecraft:stone_sword":2,"minecraft:shield":3,"minecraft:iron_axe":1,"minecraft:iron_pickaxe":1,"minecraft:iron_helmet":3,"minecraft:golden_leggings":1},"minecraft:killed_by":{"minecraft:piglin_brute":1,"minecraft:zombie":7,"minecraft:stray":35,"minecraft:ender_dragon":3,"minecraft:creeper":2,"minecraft:drowned":1,"minecraft:cave_spider":1,"minecraft:player":4,"minecraft:spider":5,"minecraft:enderman":3,"minecraft:skeleton":9},"minecraft:killed":{"minecraft:cave_spider":4,"minecraft:shulker":9,"minecraft:skeleton":131,"minecraft:chicken":7,"minecraft:magma_cube":13,"minecraft:salmon":10,"minecraft:ender_dragon":1,"minecraft:pillager":7,"minecraft:zombie":184,"minecraft:cow":51,"minecraft:horse":4,"minecraft:breeze":17,"minecraft:enderman":21,"minecraft:witch":2,"minecraft:spider":147,"minecraft:silverfish":15,"minecraft:piglin_brute":2,"minecraft:piglin":12,"minecraft:pig":8,"minecraft:zombie_villager":2,"minecraft:creeper":112,"minecraft:sheep":21,"minecraft:trader_llama":1,"minecraft:stray":95,"minecraft:ghast":4,"minecraft:blaze":17,"minecraft:armadillo":1,"minecraft:bogged":1,"minecraft:slime":1,"minecraft:drowned":4,"minecraft:hoglin":4,"minecraft:squid":1,"minecraft:wither_skeleton":13},"minecraft:custom":{"minecraft:interact_with_crafting_table":118,"minecraft:open_barrel":26,"minecraft:leave_game":13,"minecraft:time_since_death":54944,"minecraft:damage_blocked_by_shield":7354,"minecraft:play_time":1062048,"minecraft:deaths":90,"minecraft:jump":18557,"minecraft:enchant_item":62,"minecraft:interact_with_furnace":201,"minecraft:play_record":13,"minecraft:traded_with_villager":96,"minecraft:sleep_in_bed":18,"minecraft:damage_dealt":99312,"minecraft:inspect_dispenser":14,"minecraft:horse_one_cm":3790,"minecraft:interact_with_smithing_table":8,"minecraft:interact_with_anvil":29,"minecraft:inspect_hopper":33,"minecraft:sneak_time":116351,"minecraft:interact_with_blast_furnace":9,"minecraft:total_world_time":1062048,"minecraft:time_since_rest":47343,"minecraft:swim_one_cm":393322,"minecraft:fly_one_cm":4908986,"minecraft:open_chest":593,"minecraft:fall_one_cm":715106,"minecraft:animals_bred":10,"minecraft:open_shulker_box":6,"minecraft:sprint_one_cm":2974815,"minecraft:drop":398,"minecraft:talked_to_villager":77,"minecraft:walk_on_water_one_cm":253227,"minecraft:interact_with_loom":8,"minecraft:player_kills":3,"minecraft:crouch_one_cm":429487,"minecraft:mob_kills":966,"minecraft:climb_one_cm":163661,"minecraft:walk_one_cm":1523221,"minecraft:walk_under_water_one_cm":310259,"minecraft:boat_one_cm":159275,"minecraft:interact_with_grindstone":14,"minecraft:damage_taken":49926,"minecraft:damage_absorbed":242,"minecraft:aviate_one_cm":895666},"minecraft:dropped":{"minecraft:porkchop":6,"minecraft:glass_bottle":5,"minecraft:diamond":2,"minecraft:cooked_porkchop":2,"minecraft:crossbow":4,"minecraft:warped_roots":15,"minecraft:music_disc_creator_music_box":1,"minecraft:dirt":57,"minecraft:sunflower":1,"minecraft:sand":40,"minecraft:sugar":6,"minecraft:white_wool":1,"minecraft:bone":70,"minecraft:tuff_slab":1408,"minecraft:stone_axe":2,"minecraft:sugar_cane":28,"minecraft:lever":1,"minecraft:golden_chestplate":1,"minecraft:cobbled_deepslate":152,"minecraft:rotten_flesh":81,"minecraft:oak_planks":17,"minecraft:waxed_copper_block":3,"minecraft:salmon":16,"minecraft:tipped_arrow":10,"minecraft:coal_ore":2,"minecraft:beef":10,"minecraft:warped_wart_block":1,"minecraft:ghast_tear":1,"minecraft:enchanted_book":9,"minecraft:netherite_pickaxe":1,"minecraft:wheat_seeds":26,"minecraft:prismarine_crystals":2,"minecraft:cobblestone":128,"minecraft:feather":9,"minecraft:iron_helmet":1,"minecraft:book":1,"minecraft:granite":13,"minecraft:coal":8,"minecraft:ink_sac":3,"minecraft:potion":1,"minecraft:heart_of_the_sea":1,"minecraft:string":37,"minecraft:furnace":2,"minecraft:moss_carpet":1,"minecraft:netherite_hoe":1,"minecraft:netherite_ingot":1,"minecraft:stone_sword":2,"minecraft:deepslate":52,"minecraft:diamond_hoe":2,"minecraft:chicken":6,"minecraft:iron_boots":7,"minecraft:nether_bricks":12,"minecraft:diamond_sword":1,"minecraft:big_dripleaf":3,"minecraft:potato":2,"minecraft:stone":32,"minecraft:spruce_planks":40,"minecraft:diamond_pickaxe":3,"minecraft:redstone_torch":5,"minecraft:spider_eye":46,"minecraft:stone_bricks":7,"minecraft:bamboo":2,"minecraft:bow":8,"minecraft:magma_block":16,"minecraft:gold_ore":2,"minecraft:brown_mushroom":1,"minecraft:netherite_upgrade_smithing_template":1,"minecraft:leather":7,"minecraft:flint":20,"minecraft:deepslate_gold_ore":5,"minecraft:dispenser":10,"minecraft:mutton":4,"minecraft:gold_ingot":7,"minecraft:gravel":72,"minecraft:purpur_block":1,"minecraft:blackstone":10,"minecraft:pointed_dripstone":1,"minecraft:carrot":1,"minecraft:gunpowder":3,"minecraft:chest":53,"minecraft:basalt":41,"minecraft:arrow":15,"minecraft:scaffolding":363,"minecraft:quartz":336,"minecraft:netherrack":2198,"minecraft:bread":7,"minecraft:golden_helmet":1,"minecraft:cherry_log":1,"minecraft:poisonous_potato":4,"minecraft:observer":11,"minecraft:stick":28,"minecraft:diorite":8,"minecraft:torch":12,"minecraft:repeater":27,"minecraft:iron_leggings":2,"minecraft:pink_petals":5,"minecraft:bucket":1,"minecraft:smooth_basalt":15,"minecraft:redstone":60,"minecraft:kelp":5,"minecraft:tuff_bricks":1,"minecraft:warped_nylium":3,"minecraft:raw_copper":28,"minecraft:tuff":1406,"minecraft:light_gray_wool":2,"minecraft:comparator":6,"minecraft:iron_hoe":1,"minecraft:flint_and_steel":1,"minecraft:filled_map":1,"minecraft:trial_key":3,"minecraft:diamond_chestplate":1,"minecraft:iron_chestplate":2,"minecraft:andesite":10,"minecraft:golden_leggings":1,"minecraft:oak_sapling":3,"minecraft:stone_pickaxe":1,"minecraft:wooden_pickaxe":1,"minecraft:waxed_oxidized_copper_grate":9,"minecraft:brick":35},"minecraft:used":{"minecraft:moss_block":1,"minecraft:tuff_bricks":3,"minecraft:dispenser":5,"minecraft:ladder":4,"minecraft:chest":18,"minecraft:stone":31,"minecraft:soul_sand":2,"minecraft:spruce_boat":18,"minecraft:lava_bucket":2,"minecraft:netherite_shovel":221,"minecraft:netherite_boots":2,"minecraft:bow":596,"minecraft:ominous_bottle":4,"minecraft:furnace":6,"minecraft:oak_sapling":1,"minecraft:egg":3,"minecraft:potato":239,"minecraft:mossy_stone_bricks":8,"minecraft:diorite":18,"minecraft:wooden_pickaxe":15,"minecraft:golden_apple":6,"minecraft:blast_furnace":1,"minecraft:stone_button":2,"minecraft:lectern":6,"minecraft:diamond_sword":63,"minecraft:oak_boat":4,"minecraft:oak_trapdoor":5,"minecraft:enchanting_table":1,"minecraft:stone_sword":225,"minecraft:cooked_salmon":1,"minecraft:netherrack":890,"minecraft:trial_key":7,"minecraft:torch":97,"minecraft:dragon_egg":1,"minecraft:anvil":2,"minecraft:iron_axe":188,"minecraft:smooth_basalt":2,"minecraft:bamboo":226,"minecraft:diamond_chestplate":24,"minecraft:basalt":73,"minecraft:beef":7,"minecraft:cobbled_deepslate":460,"minecraft:observer":1,"minecraft:wheat_seeds":82,"minecraft:water_bucket":254,"minecraft:yellow_shulker_box":2,"minecraft:cracked_stone_bricks":1,"minecraft:comparator":3,"minecraft:tnt":138,"minecraft:crafting_table":15,"minecraft:white_bed":14,"minecraft:spruce_log":1,"minecraft:ender_eye":37,"minecraft:diamond_pickaxe":7558,"minecraft:diamond_shovel":485,"minecraft:ominous_trial_key":6,"minecraft:wind_charge":32,"minecraft:iron_pickaxe":510,"minecraft:spruce_sapling":19,"minecraft:crimson_nylium":5,"minecraft:cobblestone":173,"minecraft:potion":4,"minecraft:cooked_porkchop":12,"minecraft:porkchop":1,"minecraft:jukebox":7,"minecraft:tuff_slab":1303,"minecraft:moss_carpet":1,"minecraft:oak_sign":1,"minecraft:shield":145,"minecraft:iron_sword":961,"minecraft:iron_chestplate":24,"minecraft:glass":7,"minecraft:stone_bricks":68,"minecraft:deepslate_diamond_ore":5,"minecraft:scaffolding":83,"minecraft:gold_block":1,"minecraft:golden_boots":1,"minecraft:stone_pickaxe":95,"minecraft:oak_planks":86,"minecraft:ender_pearl":20,"minecraft:diamond_axe":340,"minecraft:sugar_cane":42,"minecraft:white_wool":1,"minecraft:crossbow":46,"minecraft:end_stone":71,"minecraft:lever":3,"minecraft:firework_rocket":35,"minecraft:bread":1,"minecraft:melon_slice":38,"minecraft:iron_door":1,"minecraft:deepslate":18,"minecraft:gravel":2,"minecraft:grindstone":3,"minecraft:andesite":16,"minecraft:bone_meal":192,"minecraft:experience_bottle":1,"minecraft:trident":475,"minecraft:netherite_sword":602,"minecraft:flint_and_steel":70,"minecraft:stone_shovel":28,"minecraft:redstone":2,"minecraft:spruce_planks":66,"minecraft:cooked_chicken":6,"minecraft:dirt":135,"minecraft:hopper":3,"minecraft:shulker_box":2,"minecraft:granite":1,"minecraft:iron_hoe":229,"minecraft:bookshelf":33,"minecraft:oak_stairs":2,"minecraft:red_candle":10,"minecraft:soul_soil":27,"minecraft:netherite_pickaxe":4782,"minecraft:cooked_beef":183,"minecraft:cooked_mutton":15,"minecraft:baked_potato":186,"minecraft:green_bed":6,"minecraft:cobblestone_slab":7,"minecraft:waxed_copper_block":2,"minecraft:apple":9,"minecraft:netherite_axe":28,"minecraft:stone_axe":40,"minecraft:bucket":262},"minecraft:mined":{"minecraft:white_bed":13,"minecraft:obsidian":4,"minecraft:granite":57,"minecraft:chiseled_polished_blackstone":1,"minecraft:chiseled_tuff_bricks":4,"minecraft:oak_wall_sign":1,"minecraft:spawner":8,"minecraft:polished_blackstone_bricks":10,"minecraft:magma_block":16,"minecraft:cobbled_deepslate":14,"minecraft:fire":77,"minecraft:deepslate_lapis_ore":8,"minecraft:cave_vines":2,"minecraft:dirt_path":8,"minecraft:oak_stairs":1,"minecraft:cut_sandstone":1,"minecraft:kelp_plant":4,"minecraft:crimson_nylium":5,"minecraft:soul_fire":3,"minecraft:torch":7,"minecraft:blast_furnace":1,"minecraft:melon":8,"minecraft:dead_bush":3,"minecraft:sugar_cane":192,"minecraft:amethyst_block":14,"minecraft:wheat":25,"minecraft:magenta_bed":1,"minecraft:jukebox":5,"minecraft:waxed_copper_block":18,"minecraft:smooth_basalt":17,"minecraft:deepslate":1217,"minecraft:end_stone":68,"minecraft:shulker_box":2,"minecraft:nether_bricks":12,"minecraft:dark_oak_fence":4,"minecraft:redstone_wire":1,"minecraft:moss_block":1,"minecraft:redstone_ore":2,"minecraft:waxed_oxidized_cut_copper":1,"minecraft:waxed_copper_grate":2,"minecraft:andesite":40,"minecraft:big_dripleaf_stem":1,"minecraft:potatoes":160,"minecraft:cobblestone_slab":1,"minecraft:bamboo_sapling":7,"minecraft:bamboo":125,"minecraft:white_wool":1,"minecraft:comparator":3,"minecraft:soul_sand":4,"minecraft:stone_brick_slab":1,"minecraft:dandelion":3,"minecraft:cornflower":2,"minecraft:tuff_slab":57,"minecraft:short_grass":465,"minecraft:warped_roots":7,"minecraft:tall_grass":45,"minecraft:copper_ore":13,"minecraft:deepslate_gold_ore":46,"minecraft:diorite":44,"minecraft:warped_wart_block":1,"minecraft:spruce_log":203,"minecraft:birch_leaves":3,"minecraft:sunflower":1,"minecraft:gravel":121,"minecraft:dripstone_block":1,"minecraft:cobweb":42,"minecraft:stone_bricks":41,"minecraft:gold_ore":3,"minecraft:fern":2,"minecraft:waxed_cut_copper_slab":1,"minecraft:spruce_planks":1,"minecraft:brewing_stand":1,"minecraft:budding_amethyst":1,"minecraft:grass_block":31,"minecraft:cracked_polished_blackstone_bricks":1,"minecraft:soul_soil":26,"minecraft:tuff_bricks":51,"minecraft:raw_iron_block":2,"minecraft:iron_ore":77,"minecraft:polished_tuff":1,"minecraft:iron_bars":2,"minecraft:green_bed":6,"minecraft:deepslate_redstone_ore":3,"minecraft:blackstone":86,"minecraft:clay":2,"minecraft:calcite":31,"minecraft:poppy":2,"minecraft:chest":6,"minecraft:nether_quartz_ore":268,"minecraft:cobblestone":26,"minecraft:grindstone":2,"minecraft:oak_planks":43,"minecraft:waxed_chiseled_copper":1,"minecraft:iron_door":22,"minecraft:wall_torch":2,"minecraft:deepslate_copper_ore":1,"minecraft:pink_petals":3,"minecraft:warped_nylium":15,"minecraft:red_candle":5,"minecraft:waxed_oxidized_cut_copper_stairs":1,"minecraft:tnt":7,"minecraft:purpur_block":1,"minecraft:smooth_stone_slab":3,"minecraft:oak_log":104,"minecraft:waxed_oxidized_copper":2,"minecraft:sand":440,"minecraft:dirt":159,"minecraft:dispenser":2,"minecraft:netherrack":6779,"minecraft:ancient_debris":17,"minecraft:oak_leaves":26,"minecraft:nether_gold_ore":26,"minecraft:tuff":2297,"minecraft:deepslate_diamond_ore":117,"minecraft:lever":1,"minecraft:decorated_pot":46,"minecraft:hay_block":15,"minecraft:oak_trapdoor":1,"minecraft:furnace":6,"minecraft:nether_sprouts":1,"minecraft:gold_block":3,"minecraft:bookshelf":23,"minecraft:deepslate_iron_ore":56,"minecraft:stone":926,"minecraft:yellow_shulker_box":2,"minecraft:podzol":3,"minecraft:scaffolding":7,"minecraft:infested_stone_bricks":2,"minecraft:basalt":123,"minecraft:crafting_table":9,"minecraft:lectern":6,"minecraft:lapis_ore":13,"minecraft:waxed_oxidized_copper_grate":6,"minecraft:yellow_bed":1,"minecraft:coal_ore":162,"minecraft:cracked_stone_bricks":10,"minecraft:mossy_stone_bricks":20},"minecraft:picked_up":{"minecraft:iron_chestplate":3,"minecraft:chainmail_boots":1,"minecraft:lead":1,"minecraft:oak_stairs":1,"minecraft:enchanted_book":1,"minecraft:brewing_stand":1,"minecraft:string":285,"minecraft:soul_soil":27,"minecraft:gold_nugget":43,"minecraft:cobbled_deepslate":708,"minecraft:spruce_planks":41,"minecraft:trial_key":19,"minecraft:enchanted_golden_apple":1,"minecraft:melon_slice":48,"minecraft:golden_helmet":1,"minecraft:jukebox":5,"minecraft:big_dripleaf":3,"minecraft:green_bed":6,"minecraft:cherry_log":1,"minecraft:golden_chestplate":1,"minecraft:stone_sword":1,"minecraft:iron_block":2,"minecraft:netherite_chestplate":1,"minecraft:blaze_rod":31,"minecraft:magma_block":16,"minecraft:cooked_beef":43,"minecraft:feather":8,"minecraft:iron_door":1,"minecraft:water_bucket":1,"minecraft:brown_wool":1,"minecraft:flint":21,"minecraft:moss_block":1,"minecraft:warped_wart_block":1,"minecraft:ink_sac":3,"minecraft:dispenser":2,"minecraft:deepslate":115,"minecraft:lever":1,"minecraft:deepslate_gold_ore":5,"minecraft:granite":26,"minecraft:bread":8,"minecraft:ominous_trial_key":6,"minecraft:crimson_roots":1,"minecraft:diamond_pickaxe":2,"minecraft:crafting_table":11,"minecraft:ominous_bottle":6,"minecraft:clay_ball":4,"minecraft:music_disc_creator":8,"minecraft:purpur_block":1,"minecraft:wind_charge":26,"minecraft:cornflower":2,"minecraft:flow_banner_pattern":2,"minecraft:elytra":1,"minecraft:cracked_stone_bricks":1,"minecraft:deepslate_diamond_ore":7,"minecraft:beef":83,"minecraft:poppy":2,"minecraft:chest":7,"minecraft:waxed_oxidized_copper":2,"minecraft:diamond_hoe":4,"minecraft:egg":3,"minecraft:stone":233,"minecraft:music_disc_mellohi":1,"minecraft:carrot":1,"minecraft:music_disc_creator_music_box":2,"minecraft:redstone":204,"minecraft:netherite_pickaxe":1,"minecraft:tnt":7,"minecraft:diamond_chestplate":2,"minecraft:decorated_pot":1,"minecraft:waxed_oxidized_cut_copper_stairs":1,"minecraft:hay_block":14,"minecraft:flow_armor_trim_smithing_template":1,"minecraft:tuff_bricks":8,"minecraft:mutton":43,"minecraft:white_wool":25,"minecraft:lapis_ore":8,"minecraft:yellow_shulker_box":2,"minecraft:oak_log":168,"minecraft:ancient_debris":17,"minecraft:white_banner":1,"minecraft:apple":1,"minecraft:stone_bricks":28,"minecraft:kelp":5,"minecraft:iron_ore":5,"minecraft:glass_bottle":3,"minecraft:smooth_basalt":17,"minecraft:gravel":137,"minecraft:spruce_sapling":19,"minecraft:spruce_log":202,"minecraft:polished_tuff":1,"minecraft:dragon_egg":1,"minecraft:coal_ore":64,"minecraft:stone_axe":1,"minecraft:warped_roots":15,"minecraft:baked_potato":13,"minecraft:crimson_nylium":5,"minecraft:warped_nylium":3,"minecraft:ender_pearl":46,"minecraft:shulker_shell":6,"minecraft:music_disc_strad":1,"minecraft:wheat":21,"minecraft:potion":8,"minecraft:raw_copper":28,"minecraft:iron_leggings":2,"minecraft:red_candle":10,"minecraft:netherite_ingot":7,"minecraft:oak_sign":6,"minecraft:comparator":3,"minecraft:cobblestone_slab":1,"minecraft:ender_eye":11,"minecraft:deepslate_iron_ore":23,"minecraft:furnace":6,"minecraft:iron_boots":8,"minecraft:tipped_arrow":92,"minecraft:stick":20,"minecraft:torch":13,"minecraft:porkchop":9,"minecraft:diorite":45,"minecraft:pointed_dripstone":1,"minecraft:rotten_flesh":99,"minecraft:obsidian":5,"minecraft:cobblestone":477,"minecraft:pink_petals":5,"minecraft:andesite":36,"minecraft:golden_leggings":1,"minecraft:potato":552,"minecraft:tuff":2794,"minecraft:lapis_lazuli":55,"minecraft:dirt":216,"minecraft:bone":238,"minecraft:bow":10,"minecraft:wheat_seeds":117,"minecraft:raw_gold":41,"minecraft:grindstone":2,"minecraft:bolt_armor_trim_smithing_template":1,"minecraft:mossy_stone_bricks":8,"minecraft:bamboo":1191,"minecraft:oak_planks":49,"minecraft:ghast_tear":2,"minecraft:cooked_porkchop":18,"minecraft:poisonous_potato":4,"minecraft:sand":469,"minecraft:shulker_box":2,"minecraft:sugar":6,"minecraft:spruce_boat":18,"minecraft:diamond":137,"minecraft:waxed_oxidized_copper_grate":12,"minecraft:crossbow":6,"minecraft:breeze_rod":21,"minecraft:golden_apple":2,"minecraft:emerald":346,"minecraft:oak_sapling":4,"minecraft:netherrack":3725,"minecraft:chicken":6,"minecraft:brown_mushroom":1,"minecraft:gold_block":2,"minecraft:brick":35,"minecraft:shield":16,"minecraft:oak_trapdoor":1,"minecraft:moss_carpet":2,"minecraft:blackstone":74,"minecraft:oak_boat":3,"minecraft:light_gray_wool":2,"minecraft:lectern":7,"minecraft:sugar_cane":327,"minecraft:raw_iron":124,"minecraft:end_stone":71,"minecraft:polished_blackstone_bricks":1,"minecraft:music_disc_11":1,"minecraft:trident":1,"minecraft:arrow":216,"minecraft:nether_bricks":12,"minecraft:basalt":115,"minecraft:golden_carrot":2,"minecraft:salmon":17,"minecraft:cut_sandstone":1,"minecraft:leather":62,"minecraft:waxed_copper_block":5,"minecraft:yellow_bed":1,"minecraft:gunpowder":58,"minecraft:cooked_mutton":2,"minecraft:iron_ingot":28,"minecraft:cooked_chicken":6,"minecraft:soul_sand":2,"minecraft:music_disc_chirp":1,"minecraft:book":57,"minecraft:scaffolding":83,"minecraft:emerald_block":1,"minecraft:quartz":400,"minecraft:dandelion":3,"minecraft:raw_iron_block":2,"minecraft:tuff_slab":292,"minecraft:blast_furnace":1,"minecraft:white_bed":13,"minecraft:gold_ore":2,"minecraft:spider_eye":70,"minecraft:iron_helmet":2,"minecraft:cherry_sapling":3,"minecraft:netherite_hoe":1,"minecraft:coal":165,"minecraft:sunflower":1},"minecraft:crafted":{"minecraft:blaze_powder":26,"minecraft:lever":3,"minecraft:diamond_shovel":1,"minecraft:bookshelf":33,"minecraft:cooked_mutton":13,"minecraft:shulker_box":3,"minecraft:glass":7,"minecraft:repeater":27,"minecraft:diamond_helmet":2,"minecraft:diamond_leggings":1,"minecraft:netherite_boots":2,"minecraft:deepslate":32,"minecraft:emerald":62,"minecraft:diamond_axe":1,"minecraft:stone_slab":6,"minecraft:iron_pickaxe":2,"minecraft:iron_block":7,"minecraft:gold_ingot":134,"minecraft:netherite_ingot":4,"minecraft:stone_shovel":1,"minecraft:jukebox":2,"minecraft:wind_charge":4,"minecraft:bone_meal":192,"minecraft:blue_shulker_box":1,"minecraft:netherite_axe":1,"minecraft:tuff_slab":2526,"minecraft:ladder":6,"minecraft:red_shulker_box":1,"minecraft:stone_pickaxe":1,"minecraft:diamond_boots":1,"minecraft:spruce_boat":1,"minecraft:wheat":126,"minecraft:netherite_pickaxe":1,"minecraft:enchanting_table":1,"minecraft:enchanted_book":20,"minecraft:oak_stairs":4,"minecraft:iron_leggings":2,"minecraft:white_bed":2,"minecraft:grindstone":1,"minecraft:oak_planks":672,"minecraft:cobblestone_slab":6,"minecraft:stone":72,"minecraft:hopper":3,"minecraft:stone_brick_slab":18,"minecraft:bow":4,"minecraft:iron_boots":3,"minecraft:comparator":6,"minecraft:chest":21,"minecraft:netherite_helmet":1,"minecraft:ender_eye":26,"minecraft:stone_bricks":60,"minecraft:white_banner":1,"minecraft:arrow":80,"minecraft:crafting_table":5,"minecraft:spruce_planks":804,"minecraft:iron_helmet":3,"minecraft:baked_potato":256,"minecraft:wooden_pickaxe":1,"minecraft:dispenser":13,"minecraft:tnt":3,"minecraft:book":49,"minecraft:iron_chestplate":3,"minecraft:paper":255,"minecraft:diamond_pickaxe":4,"minecraft:yellow_dye":3,"minecraft:shield":4,"minecraft:stick":1891,"minecraft:iron_ingot":159,"minecraft:stone_sword":8,"minecraft:redstone_torch":78,"minecraft:shears":1,"minecraft:netherite_sword":1,"minecraft:stone_button":2,"minecraft:furnace":2,"minecraft:oak_trapdoor":4,"minecraft:flint_and_steel":2,"minecraft:scaffolding":360,"minecraft:netherite_chestplate":1,"minecraft:netherite_leggings":1,"minecraft:yellow_shulker_box":1,"minecraft:iron_hoe":1,"minecraft:netherite_scrap":18,"minecraft:observer":12,"minecraft:cooked_beef":64,"minecraft:red_dye":1,"minecraft:diamond_sword":2,"minecraft:iron_sword":4,"minecraft:bucket":5,"minecraft:stone_axe":1,"minecraft:air":0,"minecraft:blue_dye":2,"minecraft:oak_boat":2,"minecraft:white_wool":5,"minecraft:anvil":2,"minecraft:torch":88,"minecraft:firework_rocket":225}},"DataVersion":3953}