{"stats":{"minecraft:picked_up":{"minecraft:iron_chestplate":1,"minecraft:crafting_table":8,"minecraft:ominous_bottle":3,"minecraft:clay_ball":4,"minecraft:gold_block":2,"minecraft:potion":5,"minecraft:shield":3,"minecraft:brick":35,"minecraft:wind_charge":6,"minecraft:string":94,"minecraft:moss_carpet":2,"minecraft:raw_copper":4,"minecraft:iron_leggings":1,"minecraft:cobbled_deepslate":236,"minecraft:beef":5,"minecraft:trial_key":19,"minecraft:oak_boat":3,"minecraft:cobblestone_slab":1,"minecraft:melon_slice":48,"minecraft:sugar_cane":23,"minecraft:waxed_oxidized_copper":1,"minecraft:furnace":6,"minecraft:tipped_arrow":48,"minecraft:raw_iron":54,"minecraft:big_dripleaf":3,"minecraft:porkchop":6,"minecraft:diorite":7,"minecraft:trident":1,"minecraft:music_disc_creator_music_box":1,"minecraft:arrow":112,"minecraft:rotten_flesh":4,"minecraft:diamond_chestplate":2,"minecraft:decorated_pot":1,"minecraft:mutton":13,"minecraft:white_wool":8,"minecraft:cobblestone":79,"minecraft:cooked_beef":19,"minecraft:golden_carrot":2,"minecraft:water_bucket":1,"minecraft:cut_sandstone":1,"minecraft:leather":12,"minecraft:golden_leggings":1,"minecraft:flint":1,"minecraft:tuff":3,"minecraft:oak_log":83,"minecraft:waxed_copper_block":1,"minecraft:lapis_lazuli":32,"minecraft:dirt":15,"minecraft:bone":105,"minecraft:kelp":5,"minecraft:bow":3,"minecraft:wheat_seeds":10,"minecraft:raw_gold":10,"minecraft:cooked_chicken":1,"minecraft:iron_ingot":28,"minecraft:bolt_armor_trim_smithing_template":1,"minecraft:bamboo":14,"minecraft:moss_block":1,"minecraft:oak_planks":6,"minecraft:smooth_basalt":2,"minecraft:cooked_porkchop":6,"minecraft:gravel":8,"minecraft:sand":40,"minecraft:white_bed":3,"minecraft:spider_eye":22,"minecraft:diamond":12,"minecraft:stone_axe":1,"minecraft:granite":14,"minecraft:crossbow":3,"minecraft:breeze_rod":15,"minecraft:golden_apple":1,"minecraft:bread":7,"minecraft:emerald":39,"minecraft:baked_potato":4,"minecraft:oak_sapling":3,"minecraft:ominous_trial_key":1,"minecraft:coal":82},"minecraft:mined":{"minecraft:waxed_cut_copper_slab":1,"minecraft:tuff":4,"minecraft:white_bed":3,"minecraft:deepslate_diamond_ore":10,"minecraft:granite":14,"minecraft:grass_block":2,"minecraft:decorated_pot":46,"minecraft:chiseled_tuff_bricks":4,"minecraft:moss_block":1,"minecraft:tuff_bricks":43,"minecraft:spawner":2,"minecraft:waxed_oxidized_cut_copper":1,"minecraft:furnace":4,"minecraft:iron_ore":51,"minecraft:waxed_copper_grate":2,"minecraft:cobbled_deepslate":7,"minecraft:fire":27,"minecraft:deepslate_lapis_ore":1,"minecraft:big_dripleaf_stem":1,"minecraft:gold_block":2,"minecraft:dirt_path":1,"minecraft:cobblestone_slab":1,"minecraft:deepslate_iron_ore":4,"minecraft:bamboo":6,"minecraft:stone":77,"minecraft:cut_sandstone":1,"minecraft:kelp_plant":4,"minecraft:clay":2,"minecraft:crafting_table":6,"minecraft:short_grass":107,"minecraft:melon":8,"minecraft:copper_ore":1,"minecraft:tall_grass":15,"minecraft:cobblestone":7,"minecraft:deepslate_gold_ore":10,"minecraft:lapis_ore":5,"minecraft:oak_planks":3,"minecraft:sugar_cane":12,"minecraft:waxed_chiseled_copper":1,"minecraft:diorite":4,"minecraft:waxed_copper_block":14,"minecraft:oak_log":19,"minecraft:coal_ore":46,"minecraft:waxed_oxidized_copper":1,"minecraft:gravel":16,"minecraft:dirt":9,"minecraft:sand":1,"minecraft:cobweb":19,"minecraft:smooth_basalt":2,"minecraft:oak_leaves":6,"minecraft:deepslate":230,"minecraft:fern":2},"minecraft:killed_by":{"minecraft:player":2,"minecraft:stray":15,"minecraft:creeper":1,"minecraft:spider":3,"minecraft:cave_spider":1,"minecraft:skeleton":3,"minecraft:zombie":1},"minecraft:killed":{"minecraft:armadillo":1,"minecraft:cave_spider":2,"minecraft:spider":91,"minecraft:skeleton":6,"minecraft:silverfish":11,"minecraft:pig":5,"minecraft:creeper":1,"minecraft:sheep":7,"minecraft:zombie":6,"minecraft:stray":67,"minecraft:breeze":11,"minecraft:cow":11},"minecraft:broken":{"minecraft:stone_sword":1,"minecraft:iron_boots":1,"minecraft:iron_chestplate":1,"minecraft:golden_leggings":1,"minecraft:shield":2,"minecraft:iron_sword":1,"minecraft:iron_pickaxe":1,"minecraft:iron_helmet":2,"minecraft:bow":1},"minecraft:used":{"minecraft:moss_block":1,"minecraft:moss_carpet":1,"minecraft:stone_sword":159,"minecraft:flint_and_steel":45,"minecraft:stone_shovel":28,"minecraft:chest":2,"minecraft:shield":105,"minecraft:iron_sword":458,"minecraft:cooked_salmon":1,"minecraft:trial_key":7,"minecraft:iron_chestplate":24,"minecraft:dirt":8,"minecraft:iron_axe":92,"minecraft:smooth_basalt":2,"minecraft:diamond_chestplate":24,"minecraft:bow":107,"minecraft:ominous_bottle":2,"minecraft:furnace":6,"minecraft:gold_block":1,"minecraft:cooked_beef":97,"minecraft:potato":1,"minecraft:cobbled_deepslate":224,"minecraft:cooked_mutton":13,"minecraft:water_bucket":40,"minecraft:diorite":4,"minecraft:stone_pickaxe":95,"minecraft:baked_potato":12,"minecraft:oak_planks":33,"minecraft:wooden_pickaxe":15,"minecraft:cobblestone_slab":7,"minecraft:golden_apple":3,"minecraft:crafting_table":11,"minecraft:crossbow":27,"minecraft:white_bed":5,"minecraft:apple":5,"minecraft:wind_charge":8,"minecraft:iron_pickaxe":478,"minecraft:stone_axe":40,"minecraft:cobblestone":48,"minecraft:bucket":41,"minecraft:oak_boat":3},"minecraft:crafted":{"minecraft:oak_planks":100,"minecraft:cobblestone_slab":6,"minecraft:stone_shovel":1,"minecraft:furnace":2,"minecraft:cooked_mutton":13,"minecraft:flint_and_steel":1,"minecraft:iron_boots":2,"minecraft:stone_pickaxe":1,"minecraft:chest":2,"minecraft:crafting_table":4,"minecraft:iron_helmet":2,"minecraft:wooden_pickaxe":1,"minecraft:baked_potato":12,"minecraft:iron_sword":2,"minecraft:bucket":1,"minecraft:stone_axe":1,"minecraft:air":0,"minecraft:oak_boat":1,"minecraft:iron_chestplate":2,"minecraft:shield":3,"minecraft:stick":16,"minecraft:iron_ingot":51,"minecraft:iron_pickaxe":2,"minecraft:stone_sword":1,"minecraft:iron_leggings":2,"minecraft:gold_ingot":9,"minecraft:white_bed":2},"minecraft:dropped":{"minecraft:bread":7,"minecraft:porkchop":6,"minecraft:wheat_seeds":10,"minecraft:crossbow":2,"minecraft:feather":1,"minecraft:cobblestone":2,"minecraft:prismarine_crystals":2,"minecraft:granite":13,"minecraft:music_disc_creator_music_box":1,"minecraft:stick":2,"minecraft:dirt":2,"minecraft:diorite":3,"minecraft:torch":12,"minecraft:potion":1,"minecraft:iron_leggings":2,"minecraft:heart_of_the_sea":1,"minecraft:sand":40,"minecraft:string":3,"minecraft:bucket":1,"minecraft:gold_ingot":7,"minecraft:gravel":8,"minecraft:furnace":2,"minecraft:stone_axe":2,"minecraft:moss_carpet":1,"minecraft:kelp":5,"minecraft:golden_chestplate":1,"minecraft:cobbled_deepslate":11,"minecraft:raw_copper":4,"minecraft:tuff":3,"minecraft:rotten_flesh":4,"minecraft:oak_planks":5,"minecraft:waxed_copper_block":1,"minecraft:filled_map":1,"minecraft:big_dripleaf":3,"minecraft:tipped_arrow":6,"minecraft:trial_key":3,"minecraft:diamond_chestplate":1,"minecraft:iron_chestplate":1,"minecraft:golden_leggings":1,"minecraft:oak_sapling":3,"minecraft:bamboo":2,"minecraft:spider_eye":5,"minecraft:bow":2,"minecraft:arrow":10,"minecraft:beef":5,"minecraft:stone_pickaxe":1,"minecraft:wooden_pickaxe":1,"minecraft:scaffolding":3,"minecraft:brick":35},"minecraft:custom":{"minecraft:mob_kills":237,"minecraft:interact_with_crafting_table":22,"minecraft:open_barrel":18,"minecraft:leave_game":5,"minecraft:time_since_death":2939,"minecraft:climb_one_cm":20879,"minecraft:sprint_one_cm":705840,"minecraft:walk_one_cm":316127,"minecraft:damage_blocked_by_shield":5421,"minecraft:drop":79,"minecraft:talked_to_villager":1,"minecraft:play_time":187413,"minecraft:sneak_time":17195,"minecraft:deaths":28,"minecraft:walk_under_water_one_cm":12966,"minecraft:boat_one_cm":117186,"minecraft:jump":3703,"minecraft:walk_on_water_one_cm":31589,"minecraft:total_world_time":187413,"minecraft:interact_with_furnace":63,"minecraft:sleep_in_bed":4,"minecraft:time_since_rest":2965,"minecraft:damage_taken":17964,"minecraft:damage_absorbed":118,"minecraft:damage_dealt":32084,"minecraft:swim_one_cm":31638,"minecraft:fly_one_cm":640076,"minecraft:open_chest":39,"minecraft:crouch_one_cm":34581,"minecraft:fall_one_cm":109518,"minecraft:inspect_dispenser":1}},"DataVersion":3953}