{"stats":{"minecraft:picked_up":{"minecraft:iron_chestplate":3,"minecraft:wheat":21,"minecraft:chainmail_boots":1,"minecraft:oak_stairs":1,"minecraft:potion":6,"minecraft:string":229,"minecraft:raw_copper":4,"minecraft:iron_leggings":2,"minecraft:red_candle":10,"minecraft:cobbled_deepslate":543,"minecraft:trial_key":19,"minecraft:cobblestone_slab":1,"minecraft:enchanted_golden_apple":1,"minecraft:melon_slice":48,"minecraft:iron_boots":8,"minecraft:furnace":6,"minecraft:golden_helmet":1,"minecraft:tipped_arrow":92,"minecraft:stick":9,"minecraft:big_dripleaf":3,"minecraft:torch":6,"minecraft:green_bed":6,"minecraft:porkchop":9,"minecraft:diorite":27,"minecraft:rotten_flesh":22,"minecraft:iron_block":2,"minecraft:obsidian":4,"minecraft:cobblestone":250,"minecraft:cooked_beef":22,"minecraft:water_bucket":1,"minecraft:andesite":15,"minecraft:brown_wool":1,"minecraft:golden_leggings":1,"minecraft:potato":552,"minecraft:flint":6,"minecraft:tuff":24,"minecraft:lapis_lazuli":55,"minecraft:dirt":96,"minecraft:bone":142,"minecraft:bow":3,"minecraft:wheat_seeds":103,"minecraft:raw_gold":41,"minecraft:grindstone":2,"minecraft:bolt_armor_trim_smithing_template":1,"minecraft:bamboo":471,"minecraft:moss_block":1,"minecraft:oak_planks":49,"minecraft:cooked_porkchop":6,"minecraft:sand":418,"minecraft:poisonous_potato":4,"minecraft:dispenser":2,"minecraft:deepslate":64,"minecraft:diamond":100,"minecraft:lever":1,"minecraft:waxed_oxidized_copper_grate":12,"minecraft:granite":25,"minecraft:crossbow":5,"minecraft:breeze_rod":21,"minecraft:golden_apple":2,"minecraft:bread":8,"minecraft:emerald":346,"minecraft:oak_sapling":3,"minecraft:ominous_trial_key":6,"minecraft:diamond_pickaxe":2,"minecraft:crafting_table":11,"minecraft:ominous_bottle":6,"minecraft:clay_ball":4,"minecraft:gold_block":2,"minecraft:music_disc_creator":5,"minecraft:brick":35,"minecraft:shield":16,"minecraft:wind_charge":26,"minecraft:oak_trapdoor":1,"minecraft:moss_carpet":2,"minecraft:flow_banner_pattern":1,"minecraft:beef":78,"minecraft:oak_boat":3,"minecraft:lectern":7,"minecraft:sugar_cane":223,"minecraft:chest":1,"minecraft:diamond_hoe":4,"minecraft:waxed_oxidized_copper":2,"minecraft:raw_iron":101,"minecraft:trident":1,"minecraft:redstone":186,"minecraft:music_disc_creator_music_box":1,"minecraft:arrow":157,"minecraft:diamond_chestplate":2,"minecraft:decorated_pot":1,"minecraft:waxed_oxidized_cut_copper_stairs":1,"minecraft:hay_block":14,"minecraft:flow_armor_trim_smithing_template":1,"minecraft:tuff_bricks":8,"minecraft:mutton":19,"minecraft:white_wool":11,"minecraft:golden_carrot":2,"minecraft:cut_sandstone":1,"minecraft:leather":49,"minecraft:oak_log":168,"minecraft:waxed_copper_block":5,"minecraft:gunpowder":6,"minecraft:white_banner":1,"minecraft:stone_bricks":16,"minecraft:kelp":5,"minecraft:iron_ingot":28,"minecraft:cooked_chicken":2,"minecraft:glass_bottle":3,"minecraft:book":54,"minecraft:smooth_basalt":2,"minecraft:emerald_block":1,"minecraft:quartz":1,"minecraft:gravel":16,"minecraft:spruce_sapling":19,"minecraft:blast_furnace":1,"minecraft:white_bed":3,"minecraft:spruce_log":191,"minecraft:polished_tuff":1,"minecraft:spider_eye":55,"minecraft:stone_axe":1,"minecraft:iron_helmet":2,"minecraft:baked_potato":13,"minecraft:coal":131,"minecraft:sunflower":1},"minecraft:mined":{"minecraft:waxed_cut_copper_slab":1,"minecraft:white_bed":3,"minecraft:obsidian":4,"minecraft:granite":25,"minecraft:grass_block":18,"minecraft:chiseled_tuff_bricks":4,"minecraft:tuff_bricks":51,"minecraft:spawner":2,"minecraft:iron_ore":66,"minecraft:cobbled_deepslate":14,"minecraft:fire":44,"minecraft:polished_tuff":1,"minecraft:deepslate_lapis_ore":6,"minecraft:cave_vines":2,"minecraft:dirt_path":8,"minecraft:oak_stairs":1,"minecraft:green_bed":6,"minecraft:deepslate_redstone_ore":3,"minecraft:cut_sandstone":1,"minecraft:kelp_plant":4,"minecraft:clay":2,"minecraft:torch":5,"minecraft:blast_furnace":1,"minecraft:melon":8,"minecraft:chest":1,"minecraft:cobblestone":7,"minecraft:grindstone":2,"minecraft:sugar_cane":142,"minecraft:oak_planks":43,"minecraft:waxed_chiseled_copper":1,"minecraft:red_candle":5,"minecraft:wheat":25,"minecraft:waxed_oxidized_cut_copper_stairs":1,"minecraft:magenta_bed":1,"minecraft:waxed_copper_block":18,"minecraft:oak_log":104,"minecraft:waxed_oxidized_copper":2,"minecraft:sand":440,"minecraft:dirt":39,"minecraft:smooth_basalt":2,"minecraft:dispenser":2,"minecraft:oak_leaves":12,"minecraft:deepslate":617,"minecraft:tuff":32,"minecraft:deepslate_diamond_ore":94,"minecraft:dark_oak_fence":4,"minecraft:lever":1,"minecraft:decorated_pot":46,"minecraft:moss_block":1,"minecraft:hay_block":15,"minecraft:oak_trapdoor":1,"minecraft:waxed_oxidized_cut_copper":1,"minecraft:furnace":6,"minecraft:waxed_copper_grate":2,"minecraft:andesite":15,"minecraft:gold_block":2,"minecraft:big_dripleaf_stem":1,"minecraft:bookshelf":18,"minecraft:potatoes":160,"minecraft:deepslate_iron_ore":24,"minecraft:cobblestone_slab":1,"minecraft:bamboo_sapling":6,"minecraft:bamboo":60,"minecraft:stone":249,"minecraft:white_wool":1,"minecraft:crafting_table":9,"minecraft:short_grass":415,"minecraft:lectern":6,"minecraft:tall_grass":38,"minecraft:copper_ore":1,"minecraft:lapis_ore":5,"minecraft:deepslate_gold_ore":41,"minecraft:diorite":26,"minecraft:waxed_oxidized_copper_grate":6,"minecraft:spruce_log":191,"minecraft:birch_leaves":2,"minecraft:coal_ore":95,"minecraft:sunflower":1,"minecraft:gravel":30,"minecraft:cobweb":23,"minecraft:stone_bricks":17,"minecraft:fern":2},"minecraft:killed_by":{"minecraft:creeper":1,"minecraft:cave_spider":1,"minecraft:zombie":6,"minecraft:player":4,"minecraft:stray":35,"minecraft:spider":5,"minecraft:skeleton":9},"minecraft:killed":{"minecraft:cave_spider":2,"minecraft:spider":138,"minecraft:skeleton":14,"minecraft:silverfish":13,"minecraft:pig":7,"minecraft:zombie_villager":1,"minecraft:creeper":3,"minecraft:sheep":10,"minecraft:pillager":7,"minecraft:zombie":38,"minecraft:stray":95,"minecraft:cow":48,"minecraft:armadillo":1,"minecraft:horse":4,"minecraft:drowned":2,"minecraft:breeze":17},"minecraft:broken":{"minecraft:iron_boots":3,"minecraft:iron_chestplate":3,"minecraft:iron_leggings":1,"minecraft:chainmail_boots":1,"minecraft:golden_leggings":1,"minecraft:iron_sword":3,"minecraft:bow":1,"minecraft:stone_sword":1,"minecraft:shield":3,"minecraft:iron_axe":1,"minecraft:iron_pickaxe":1,"minecraft:iron_helmet":3},"minecraft:used":{"minecraft:moss_block":1,"minecraft:tuff_bricks":3,"minecraft:moss_carpet":1,"minecraft:dispenser":5,"minecraft:ladder":4,"minecraft:chest":9,"minecraft:shield":145,"minecraft:iron_sword":961,"minecraft:iron_chestplate":24,"minecraft:glass":7,"minecraft:lava_bucket":1,"minecraft:stone_bricks":63,"minecraft:bow":215,"minecraft:ominous_bottle":4,"minecraft:furnace":6,"minecraft:gold_block":1,"minecraft:potato":239,"minecraft:diorite":4,"minecraft:stone_pickaxe":95,"minecraft:oak_planks":86,"minecraft:wooden_pickaxe":15,"minecraft:diamond_axe":340,"minecraft:sugar_cane":42,"minecraft:white_wool":1,"minecraft:golden_apple":3,"minecraft:blast_furnace":1,"minecraft:crossbow":45,"minecraft:lever":3,"minecraft:stone_button":2,"minecraft:bread":1,"minecraft:melon_slice":38,"minecraft:lectern":6,"minecraft:deepslate":3,"minecraft:diamond_sword":20,"minecraft:grindstone":3,"minecraft:oak_boat":4,"minecraft:bone_meal":192,"minecraft:oak_trapdoor":5,"minecraft:trident":70,"minecraft:enchanting_table":1,"minecraft:stone_sword":159,"minecraft:flint_and_steel":58,"minecraft:redstone":1,"minecraft:stone_shovel":28,"minecraft:cooked_salmon":1,"minecraft:cooked_chicken":2,"minecraft:trial_key":7,"minecraft:torch":46,"minecraft:dirt":69,"minecraft:anvil":2,"minecraft:hopper":3,"minecraft:iron_hoe":229,"minecraft:bookshelf":33,"minecraft:oak_stairs":2,"minecraft:iron_axe":188,"minecraft:red_candle":10,"minecraft:smooth_basalt":2,"minecraft:bamboo":219,"minecraft:diamond_chestplate":24,"minecraft:beef":7,"minecraft:cooked_beef":144,"minecraft:cobbled_deepslate":419,"minecraft:observer":1,"minecraft:wheat_seeds":82,"minecraft:cooked_mutton":13,"minecraft:water_bucket":134,"minecraft:baked_potato":64,"minecraft:green_bed":6,"minecraft:cobblestone_slab":7,"minecraft:waxed_copper_block":2,"minecraft:crafting_table":15,"minecraft:white_bed":5,"minecraft:spruce_log":1,"minecraft:diamond_pickaxe":883,"minecraft:apple":5,"minecraft:diamond_shovel":464,"minecraft:ominous_trial_key":6,"minecraft:wind_charge":32,"minecraft:iron_pickaxe":510,"minecraft:spruce_sapling":19,"minecraft:stone_axe":40,"minecraft:cobblestone":48,"minecraft:potion":4,"minecraft:porkchop":1,"minecraft:bucket":141,"minecraft:jukebox":1},"minecraft:crafted":{"minecraft:grindstone":1,"minecraft:oak_planks":628,"minecraft:cobblestone_slab":6,"minecraft:stone":72,"minecraft:lever":2,"minecraft:diamond_shovel":1,"minecraft:bookshelf":33,"minecraft:cooked_mutton":13,"minecraft:glass":7,"minecraft:hopper":3,"minecraft:stone_brick_slab":18,"minecraft:diamond_helmet":1,"minecraft:diamond_leggings":1,"minecraft:bow":4,"minecraft:iron_boots":3,"minecraft:chest":11,"minecraft:stone_bricks":60,"minecraft:deepslate":32,"minecraft:arrow":80,"minecraft:emerald":62,"minecraft:diamond_axe":1,"minecraft:crafting_table":5,"minecraft:spruce_planks":760,"minecraft:iron_helmet":3,"minecraft:baked_potato":152,"minecraft:wooden_pickaxe":1,"minecraft:dispenser":3,"minecraft:book":49,"minecraft:iron_chestplate":3,"minecraft:paper":180,"minecraft:diamond_pickaxe":4,"minecraft:shield":3,"minecraft:stick":1793,"minecraft:stone_slab":6,"minecraft:iron_ingot":150,"minecraft:iron_pickaxe":2,"minecraft:iron_block":7,"minecraft:stone_sword":1,"minecraft:gold_ingot":9,"minecraft:redstone_torch":1,"minecraft:stone_shovel":1,"minecraft:jukebox":1,"minecraft:stone_button":2,"minecraft:wind_charge":4,"minecraft:furnace":2,"minecraft:bone_meal":192,"minecraft:oak_trapdoor":4,"minecraft:flint_and_steel":2,"minecraft:ladder":6,"minecraft:iron_hoe":1,"minecraft:stone_pickaxe":1,"minecraft:diamond_boots":1,"minecraft:observer":1,"minecraft:wheat":126,"minecraft:cooked_beef":40,"minecraft:diamond_sword":2,"minecraft:enchanting_table":1,"minecraft:iron_sword":4,"minecraft:bucket":5,"minecraft:stone_axe":1,"minecraft:enchanted_book":20,"minecraft:air":0,"minecraft:oak_boat":2,"minecraft:oak_stairs":4,"minecraft:iron_leggings":2,"minecraft:anvil":2,"minecraft:white_bed":2,"minecraft:torch":40},"minecraft:dropped":{"minecraft:porkchop":6,"minecraft:glass_bottle":5,"minecraft:crossbow":3,"minecraft:music_disc_creator_music_box":1,"minecraft:flint":5,"minecraft:dirt":7,"minecraft:sunflower":1,"minecraft:sand":40,"minecraft:bone":25,"minecraft:gold_ingot":7,"minecraft:gravel":10,"minecraft:stone_axe":2,"minecraft:golden_chestplate":1,"minecraft:cobbled_deepslate":100,"minecraft:rotten_flesh":15,"minecraft:oak_planks":9,"minecraft:waxed_copper_block":3,"minecraft:tipped_arrow":10,"minecraft:gunpowder":2,"minecraft:arrow":10,"minecraft:beef":5,"minecraft:scaffolding":3,"minecraft:enchanted_book":9,"minecraft:bread":7,"minecraft:wheat_seeds":13,"minecraft:golden_helmet":1,"minecraft:poisonous_potato":4,"minecraft:iron_helmet":1,"minecraft:prismarine_crystals":2,"minecraft:feather":1,"minecraft:cobblestone":30,"minecraft:book":1,"minecraft:granite":13,"minecraft:stick":2,"minecraft:diorite":8,"minecraft:torch":12,"minecraft:potion":1,"minecraft:iron_leggings":2,"minecraft:heart_of_the_sea":1,"minecraft:string":25,"minecraft:bucket":1,"minecraft:redstone":5,"minecraft:furnace":2,"minecraft:moss_carpet":1,"minecraft:kelp":5,"minecraft:tuff_bricks":1,"minecraft:raw_copper":4,"minecraft:deepslate":52,"minecraft:tuff":14,"minecraft:diamond_hoe":2,"minecraft:iron_boots":7,"minecraft:iron_hoe":1,"minecraft:flint_and_steel":1,"minecraft:filled_map":1,"minecraft:diamond_sword":1,"minecraft:big_dripleaf":3,"minecraft:stone":4,"minecraft:trial_key":3,"minecraft:diamond_chestplate":1,"minecraft:andesite":8,"minecraft:diamond_pickaxe":3,"minecraft:iron_chestplate":2,"minecraft:golden_leggings":1,"minecraft:oak_sapling":3,"minecraft:spider_eye":36,"minecraft:bamboo":2,"minecraft:bow":2,"minecraft:stone_pickaxe":1,"minecraft:wooden_pickaxe":1,"minecraft:waxed_oxidized_copper_grate":9,"minecraft:brick":35},"minecraft:custom":{"minecraft:animals_bred":10,"minecraft:interact_with_crafting_table":78,"minecraft:open_barrel":26,"minecraft:leave_game":7,"minecraft:time_since_death":6368,"minecraft:sprint_one_cm":1670927,"minecraft:damage_blocked_by_shield":7354,"minecraft:drop":159,"minecraft:talked_to_villager":71,"minecraft:play_time":522113,"minecraft:deaths":69,"minecraft:jump":9941,"minecraft:walk_on_water_one_cm":105690,"minecraft:enchant_item":62,"minecraft:interact_with_furnace":175,"minecraft:play_record":4,"minecraft:traded_with_villager":96,"minecraft:sleep_in_bed":15,"minecraft:damage_dealt":58934,"minecraft:crouch_one_cm":96354,"minecraft:inspect_dispenser":13,"minecraft:interact_with_anvil":23,"minecraft:mob_kills":426,"minecraft:climb_one_cm":35757,"minecraft:walk_one_cm":786514,"minecraft:sneak_time":41168,"minecraft:walk_under_water_one_cm":59676,"minecraft:boat_one_cm":146516,"minecraft:total_world_time":522113,"minecraft:interact_with_grindstone":14,"minecraft:time_since_rest":6393,"minecraft:damage_taken":34921,"minecraft:damage_absorbed":118,"minecraft:swim_one_cm":196559,"minecraft:fly_one_cm":2429112,"minecraft:open_chest":218,"minecraft:fall_one_cm":320192}},"DataVersion":3953}