{"stats":{"minecraft:picked_up":{"minecraft:crafting_table":8,"minecraft:iron_chestplate":1,"minecraft:clay_ball":4,"minecraft:gold_block":2,"minecraft:shield":1,"minecraft:brick":35,"minecraft:string":18,"minecraft:moss_carpet":2,"minecraft:raw_copper":4,"minecraft:cobbled_deepslate":236,"minecraft:beef":5,"minecraft:trial_key":9,"minecraft:oak_boat":3,"minecraft:cobblestone_slab":1,"minecraft:melon_slice":48,"minecraft:sugar_cane":23,"minecraft:furnace":6,"minecraft:tipped_arrow":25,"minecraft:raw_iron":54,"minecraft:big_dripleaf":3,"minecraft:porkchop":6,"minecraft:diorite":7,"minecraft:music_disc_creator_music_box":1,"minecraft:diamond_chestplate":1,"minecraft:rotten_flesh":4,"minecraft:arrow":64,"minecraft:mutton":13,"minecraft:white_wool":8,"minecraft:cobblestone":79,"minecraft:cooked_beef":19,"minecraft:cut_sandstone":1,"minecraft:leather":12,"minecraft:golden_leggings":1,"minecraft:flint":1,"minecraft:tuff":3,"minecraft:oak_log":19,"minecraft:lapis_lazuli":32,"minecraft:dirt":15,"minecraft:bone":53,"minecraft:kelp":5,"minecraft:bow":2,"minecraft:wheat_seeds":10,"minecraft:raw_gold":10,"minecraft:iron_ingot":4,"minecraft:bolt_armor_trim_smithing_template":1,"minecraft:bamboo":14,"minecraft:moss_block":1,"minecraft:smooth_basalt":2,"minecraft:cooked_porkchop":6,"minecraft:gravel":8,"minecraft:sand":40,"minecraft:white_bed":3,"minecraft:spider_eye":5,"minecraft:diamond":12,"minecraft:stone_axe":1,"minecraft:breeze_rod":3,"minecraft:granite":14,"minecraft:bread":4,"minecraft:emerald":13,"minecraft:oak_sapling":3,"minecraft:coal":82},"minecraft:mined":{"minecraft:tuff":4,"minecraft:white_bed":3,"minecraft:deepslate_diamond_ore":10,"minecraft:granite":14,"minecraft:grass_block":2,"minecraft:decorated_pot":15,"minecraft:moss_block":1,"minecraft:tuff_bricks":4,"minecraft:spawner":2,"minecraft:waxed_oxidized_cut_copper":1,"minecraft:furnace":4,"minecraft:iron_ore":51,"minecraft:cobbled_deepslate":7,"minecraft:fire":25,"minecraft:deepslate_lapis_ore":1,"minecraft:gold_block":2,"minecraft:big_dripleaf_stem":1,"minecraft:deepslate_iron_ore":4,"minecraft:cobblestone_slab":1,"minecraft:dirt_path":1,"minecraft:bamboo":6,"minecraft:stone":77,"minecraft:cut_sandstone":1,"minecraft:kelp_plant":4,"minecraft:clay":2,"minecraft:crafting_table":6,"minecraft:short_grass":107,"minecraft:melon":8,"minecraft:tall_grass":15,"minecraft:copper_ore":1,"minecraft:cobblestone":6,"minecraft:lapis_ore":5,"minecraft:deepslate_gold_ore":10,"minecraft:sugar_cane":12,"minecraft:oak_planks":1,"minecraft:waxed_chiseled_copper":1,"minecraft:diorite":4,"minecraft:waxed_copper_block":6,"minecraft:oak_log":19,"minecraft:coal_ore":46,"minecraft:gravel":16,"minecraft:sand":1,"minecraft:dirt":9,"minecraft:cobweb":9,"minecraft:smooth_basalt":2,"minecraft:oak_leaves":6,"minecraft:deepslate":208,"minecraft:fern":2},"minecraft:killed_by":{"minecraft:player":1,"minecraft:stray":5,"minecraft:creeper":1,"minecraft:spider":1,"minecraft:cave_spider":1,"minecraft:skeleton":3,"minecraft:zombie":1},"minecraft:killed":{"minecraft:armadillo":1,"minecraft:cave_spider":2,"minecraft:spider":17,"minecraft:skeleton":6,"minecraft:pig":5,"minecraft:creeper":1,"minecraft:sheep":7,"minecraft:zombie":6,"minecraft:stray":28,"minecraft:breeze":3,"minecraft:cow":11},"minecraft:broken":{"minecraft:stone_sword":1,"minecraft:shield":1,"minecraft:iron_pickaxe":1,"minecraft:iron_helmet":1,"minecraft:bow":1},"minecraft:used":{"minecraft:moss_block":1,"minecraft:moss_carpet":1,"minecraft:stone_sword":159,"minecraft:flint_and_steel":43,"minecraft:stone_shovel":28,"minecraft:shield":62,"minecraft:iron_sword":182,"minecraft:trial_key":3,"minecraft:dirt":8,"minecraft:smooth_basalt":2,"minecraft:bow":23,"minecraft:furnace":4,"minecraft:gold_block":1,"minecraft:cooked_beef":39,"minecraft:potato":1,"minecraft:cobbled_deepslate":224,"minecraft:cooked_mutton":13,"minecraft:water_bucket":14,"minecraft:diorite":4,"minecraft:stone_pickaxe":95,"minecraft:baked_potato":12,"minecraft:oak_planks":33,"minecraft:wooden_pickaxe":15,"minecraft:cobblestone_slab":7,"minecraft:crafting_table":10,"minecraft:white_bed":5,"minecraft:apple":5,"minecraft:iron_pickaxe":383,"minecraft:stone_axe":40,"minecraft:cobblestone":48,"minecraft:bucket":15,"minecraft:oak_boat":3},"minecraft:crafted":{"minecraft:oak_planks":76,"minecraft:cobblestone_slab":6,"minecraft:stone_shovel":1,"minecraft:furnace":2,"minecraft:cooked_mutton":13,"minecraft:flint_and_steel":1,"minecraft:iron_boots":1,"minecraft:stone_pickaxe":1,"minecraft:crafting_table":2,"minecraft:iron_helmet":1,"minecraft:wooden_pickaxe":1,"minecraft:baked_potato":12,"minecraft:iron_sword":1,"minecraft:bucket":1,"minecraft:stone_axe":1,"minecraft:air":0,"minecraft:oak_boat":1,"minecraft:iron_chestplate":1,"minecraft:shield":2,"minecraft:stick":16,"minecraft:iron_ingot":51,"minecraft:iron_pickaxe":2,"minecraft:stone_sword":1,"minecraft:iron_leggings":1,"minecraft:gold_ingot":9,"minecraft:white_bed":2},"minecraft:dropped":{"minecraft:bread":1,"minecraft:porkchop":6,"minecraft:wheat_seeds":10,"minecraft:feather":1,"minecraft:cobblestone":2,"minecraft:prismarine_crystals":2,"minecraft:granite":13,"minecraft:music_disc_creator_music_box":1,"minecraft:stick":2,"minecraft:dirt":2,"minecraft:diorite":3,"minecraft:torch":12,"minecraft:heart_of_the_sea":1,"minecraft:sand":40,"minecraft:string":3,"minecraft:bucket":1,"minecraft:gold_ingot":7,"minecraft:gravel":8,"minecraft:furnace":2,"minecraft:stone_axe":2,"minecraft:moss_carpet":1,"minecraft:kelp":5,"minecraft:golden_chestplate":1,"minecraft:cobbled_deepslate":11,"minecraft:raw_copper":4,"minecraft:tuff":3,"minecraft:rotten_flesh":4,"minecraft:filled_map":1,"minecraft:big_dripleaf":3,"minecraft:trial_key":3,"minecraft:iron_chestplate":1,"minecraft:golden_leggings":1,"minecraft:oak_sapling":3,"minecraft:spider_eye":5,"minecraft:bamboo":2,"minecraft:wooden_pickaxe":1,"minecraft:beef":5,"minecraft:bow":1,"minecraft:arrow":6,"minecraft:stone_pickaxe":1,"minecraft:brick":35},"minecraft:custom":{"minecraft:mob_kills":95,"minecraft:interact_with_crafting_table":19,"minecraft:open_barrel":2,"minecraft:leave_game":1,"minecraft:time_since_death":4347,"minecraft:climb_one_cm":914,"minecraft:sprint_one_cm":331444,"minecraft:walk_one_cm":159137,"minecraft:damage_blocked_by_shield":3351,"minecraft:drop":63,"minecraft:talked_to_villager":1,"minecraft:play_time":106582,"minecraft:sneak_time":13607,"minecraft:deaths":15,"minecraft:walk_under_water_one_cm":8100,"minecraft:boat_one_cm":117186,"minecraft:jump":2498,"minecraft:walk_on_water_one_cm":24625,"minecraft:total_world_time":106582,"minecraft:interact_with_furnace":63,"minecraft:sleep_in_bed":3,"minecraft:time_since_rest":4698,"minecraft:damage_taken":9088,"minecraft:damage_dealt":13913,"minecraft:swim_one_cm":30401,"minecraft:fly_one_cm":444807,"minecraft:open_chest":14,"minecraft:crouch_one_cm":22478,"minecraft:fall_one_cm":75359,"minecraft:inspect_dispenser":1}},"DataVersion":3953}