{"stats":{"minecraft:picked_up":{"minecraft:iron_chestplate":1,"minecraft:crafting_table":11,"minecraft:chainmail_boots":1,"minecraft:ominous_bottle":6,"minecraft:clay_ball":4,"minecraft:gold_block":2,"minecraft:potion":6,"minecraft:music_disc_creator":5,"minecraft:shield":3,"minecraft:brick":35,"minecraft:wind_charge":26,"minecraft:flow_banner_pattern":1,"minecraft:string":160,"minecraft:moss_carpet":2,"minecraft:raw_copper":4,"minecraft:iron_leggings":1,"minecraft:red_candle":10,"minecraft:cobbled_deepslate":462,"minecraft:beef":5,"minecraft:trial_key":19,"minecraft:oak_boat":3,"minecraft:cobblestone_slab":1,"minecraft:enchanted_golden_apple":1,"minecraft:melon_slice":48,"minecraft:sugar_cane":33,"minecraft:waxed_oxidized_copper":2,"minecraft:furnace":6,"minecraft:tipped_arrow":92,"minecraft:raw_iron":74,"minecraft:big_dripleaf":3,"minecraft:green_bed":6,"minecraft:porkchop":6,"minecraft:diorite":7,"minecraft:trident":1,"minecraft:redstone":5,"minecraft:music_disc_creator_music_box":1,"minecraft:arrow":154,"minecraft:rotten_flesh":14,"minecraft:diamond_chestplate":2,"minecraft:decorated_pot":1,"minecraft:waxed_oxidized_cut_copper_stairs":1,"minecraft:iron_block":2,"minecraft:flow_armor_trim_smithing_template":1,"minecraft:tuff_bricks":8,"minecraft:obsidian":4,"minecraft:mutton":13,"minecraft:white_wool":8,"minecraft:cobblestone":79,"minecraft:cooked_beef":22,"minecraft:golden_carrot":2,"minecraft:water_bucket":1,"minecraft:cut_sandstone":1,"minecraft:leather":12,"minecraft:golden_leggings":1,"minecraft:potato":308,"minecraft:flint":1,"minecraft:tuff":13,"minecraft:oak_log":83,"minecraft:waxed_copper_block":5,"minecraft:lapis_lazuli":55,"minecraft:dirt":16,"minecraft:white_banner":1,"minecraft:bone":141,"minecraft:kelp":5,"minecraft:bow":3,"minecraft:wheat_seeds":15,"minecraft:raw_gold":41,"minecraft:glass_bottle":3,"minecraft:cooked_chicken":2,"minecraft:iron_ingot":28,"minecraft:bolt_armor_trim_smithing_template":1,"minecraft:bamboo":47,"minecraft:moss_block":1,"minecraft:oak_planks":10,"minecraft:smooth_basalt":2,"minecraft:emerald_block":1,"minecraft:cooked_porkchop":6,"minecraft:poisonous_potato":2,"minecraft:gravel":10,"minecraft:sand":40,"minecraft:white_bed":3,"minecraft:polished_tuff":1,"minecraft:spider_eye":54,"minecraft:diamond":100,"minecraft:stone_axe":1,"minecraft:waxed_oxidized_copper_grate":12,"minecraft:granite":14,"minecraft:crossbow":5,"minecraft:breeze_rod":21,"minecraft:golden_apple":2,"minecraft:bread":8,"minecraft:emerald":59,"minecraft:baked_potato":13,"minecraft:oak_sapling":3,"minecraft:ominous_trial_key":6,"minecraft:coal":82},"minecraft:mined":{"minecraft:waxed_cut_copper_slab":1,"minecraft:tuff":21,"minecraft:white_bed":3,"minecraft:deepslate_diamond_ore":94,"minecraft:obsidian":4,"minecraft:granite":14,"minecraft:grass_block":3,"minecraft:decorated_pot":46,"minecraft:chiseled_tuff_bricks":4,"minecraft:moss_block":1,"minecraft:tuff_bricks":51,"minecraft:spawner":2,"minecraft:waxed_oxidized_cut_copper":1,"minecraft:furnace":6,"minecraft:iron_ore":51,"minecraft:waxed_copper_grate":2,"minecraft:cobbled_deepslate":13,"minecraft:fire":33,"minecraft:polished_tuff":1,"minecraft:deepslate_lapis_ore":4,"minecraft:big_dripleaf_stem":1,"minecraft:gold_block":2,"minecraft:potatoes":88,"minecraft:cave_vines":2,"minecraft:dirt_path":1,"minecraft:cobblestone_slab":1,"minecraft:deepslate_iron_ore":24,"minecraft:bamboo_sapling":2,"minecraft:bamboo":17,"minecraft:stone":77,"minecraft:green_bed":6,"minecraft:deepslate_redstone_ore":3,"minecraft:cut_sandstone":1,"minecraft:kelp_plant":4,"minecraft:clay":2,"minecraft:crafting_table":9,"minecraft:short_grass":147,"minecraft:melon":8,"minecraft:copper_ore":1,"minecraft:tall_grass":30,"minecraft:cobblestone":7,"minecraft:deepslate_gold_ore":41,"minecraft:lapis_ore":5,"minecraft:oak_planks":4,"minecraft:sugar_cane":15,"minecraft:waxed_chiseled_copper":1,"minecraft:diorite":4,"minecraft:red_candle":5,"minecraft:waxed_oxidized_copper_grate":6,"minecraft:waxed_oxidized_cut_copper_stairs":1,"minecraft:magenta_bed":1,"minecraft:waxed_copper_block":18,"minecraft:oak_log":19,"minecraft:coal_ore":46,"minecraft:waxed_oxidized_copper":2,"minecraft:gravel":19,"minecraft:dirt":9,"minecraft:sand":2,"minecraft:cobweb":23,"minecraft:smooth_basalt":2,"minecraft:oak_leaves":6,"minecraft:deepslate":472,"minecraft:fern":2},"minecraft:killed_by":{"minecraft:player":2,"minecraft:stray":35,"minecraft:creeper":1,"minecraft:spider":5,"minecraft:cave_spider":1,"minecraft:skeleton":7,"minecraft:zombie":3},"minecraft:killed":{"minecraft:armadillo":1,"minecraft:cave_spider":2,"minecraft:spider":132,"minecraft:skeleton":13,"minecraft:silverfish":13,"minecraft:drowned":2,"minecraft:pig":5,"minecraft:zombie_villager":1,"minecraft:creeper":1,"minecraft:sheep":7,"minecraft:pillager":2,"minecraft:zombie":26,"minecraft:stray":95,"minecraft:breeze":17,"minecraft:cow":11},"minecraft:broken":{"minecraft:stone_sword":1,"minecraft:iron_boots":3,"minecraft:iron_chestplate":3,"minecraft:iron_leggings":1,"minecraft:golden_leggings":1,"minecraft:shield":3,"minecraft:iron_sword":2,"minecraft:iron_pickaxe":1,"minecraft:iron_helmet":3,"minecraft:bow":1},"minecraft:used":{"minecraft:tuff_bricks":3,"minecraft:moss_block":1,"minecraft:moss_carpet":1,"minecraft:stone_sword":159,"minecraft:flint_and_steel":47,"minecraft:stone_shovel":28,"minecraft:chest":4,"minecraft:shield":145,"minecraft:iron_sword":755,"minecraft:cooked_chicken":2,"minecraft:cooked_salmon":1,"minecraft:trial_key":7,"minecraft:iron_chestplate":24,"minecraft:torch":28,"minecraft:dirt":8,"minecraft:iron_hoe":120,"minecraft:iron_axe":162,"minecraft:red_candle":10,"minecraft:bamboo":43,"minecraft:smooth_basalt":2,"minecraft:diamond_chestplate":24,"minecraft:bow":185,"minecraft:ominous_bottle":4,"minecraft:furnace":6,"minecraft:gold_block":1,"minecraft:cooked_beef":138,"minecraft:potato":166,"minecraft:cobbled_deepslate":418,"minecraft:cooked_mutton":13,"minecraft:water_bucket":99,"minecraft:diorite":4,"minecraft:stone_pickaxe":95,"minecraft:baked_potato":26,"minecraft:oak_planks":38,"minecraft:wooden_pickaxe":15,"minecraft:sugar_cane":33,"minecraft:green_bed":6,"minecraft:cobblestone_slab":7,"minecraft:waxed_copper_block":2,"minecraft:golden_apple":3,"minecraft:crafting_table":15,"minecraft:crossbow":45,"minecraft:white_bed":5,"minecraft:diamond_pickaxe":406,"minecraft:apple":5,"minecraft:ominous_trial_key":6,"minecraft:melon_slice":38,"minecraft:bread":1,"minecraft:wind_charge":32,"minecraft:iron_pickaxe":510,"minecraft:stone_axe":40,"minecraft:potion":4,"minecraft:cobblestone":48,"minecraft:bucket":99,"minecraft:oak_boat":4,"minecraft:bone_meal":192,"minecraft:jukebox":1},"minecraft:crafted":{"minecraft:oak_planks":240,"minecraft:cobblestone_slab":6,"minecraft:stone_shovel":1,"minecraft:jukebox":1,"minecraft:wind_charge":4,"minecraft:furnace":2,"minecraft:bone_meal":192,"minecraft:cooked_mutton":13,"minecraft:flint_and_steel":1,"minecraft:iron_boots":3,"minecraft:iron_hoe":1,"minecraft:stone_pickaxe":1,"minecraft:chest":4,"minecraft:emerald":9,"minecraft:crafting_table":5,"minecraft:iron_helmet":3,"minecraft:wooden_pickaxe":1,"minecraft:baked_potato":12,"minecraft:iron_sword":4,"minecraft:bucket":1,"minecraft:stone_axe":1,"minecraft:air":0,"minecraft:oak_boat":2,"minecraft:iron_chestplate":3,"minecraft:diamond_pickaxe":1,"minecraft:shield":3,"minecraft:stick":32,"minecraft:iron_ingot":60,"minecraft:iron_pickaxe":2,"minecraft:stone_sword":1,"minecraft:iron_leggings":2,"minecraft:gold_ingot":9,"minecraft:white_bed":2,"minecraft:torch":28},"minecraft:dropped":{"minecraft:bread":7,"minecraft:porkchop":6,"minecraft:wheat_seeds":11,"minecraft:glass_bottle":5,"minecraft:poisonous_potato":2,"minecraft:crossbow":3,"minecraft:feather":1,"minecraft:cobblestone":2,"minecraft:prismarine_crystals":2,"minecraft:granite":13,"minecraft:music_disc_creator_music_box":1,"minecraft:stick":2,"minecraft:dirt":2,"minecraft:diorite":3,"minecraft:torch":12,"minecraft:potion":1,"minecraft:iron_leggings":2,"minecraft:heart_of_the_sea":1,"minecraft:sand":40,"minecraft:string":25,"minecraft:bucket":1,"minecraft:redstone":5,"minecraft:gold_ingot":7,"minecraft:gravel":10,"minecraft:furnace":2,"minecraft:stone_axe":2,"minecraft:moss_carpet":1,"minecraft:tuff_bricks":1,"minecraft:kelp":5,"minecraft:golden_chestplate":1,"minecraft:cobbled_deepslate":27,"minecraft:raw_copper":4,"minecraft:tuff":3,"minecraft:rotten_flesh":13,"minecraft:oak_planks":9,"minecraft:waxed_copper_block":3,"minecraft:filled_map":1,"minecraft:big_dripleaf":3,"minecraft:tipped_arrow":10,"minecraft:trial_key":3,"minecraft:diamond_chestplate":1,"minecraft:iron_chestplate":1,"minecraft:golden_leggings":1,"minecraft:oak_sapling":3,"minecraft:bamboo":2,"minecraft:spider_eye":36,"minecraft:bow":2,"minecraft:arrow":10,"minecraft:beef":5,"minecraft:stone_pickaxe":1,"minecraft:wooden_pickaxe":1,"minecraft:scaffolding":3,"minecraft:waxed_oxidized_copper_grate":9,"minecraft:brick":35},"minecraft:custom":{"minecraft:mob_kills":351,"minecraft:interact_with_crafting_table":32,"minecraft:open_barrel":26,"minecraft:leave_game":5,"minecraft:time_since_death":13661,"minecraft:climb_one_cm":30882,"minecraft:sprint_one_cm":1179006,"minecraft:walk_one_cm":514230,"minecraft:damage_blocked_by_shield":7354,"minecraft:drop":111,"minecraft:talked_to_villager":1,"minecraft:play_time":343413,"minecraft:sneak_time":30169,"minecraft:deaths":58,"minecraft:walk_under_water_one_cm":36517,"minecraft:boat_one_cm":146516,"minecraft:jump":6770,"minecraft:walk_on_water_one_cm":72406,"minecraft:total_world_time":343413,"minecraft:interact_with_furnace":64,"minecraft:play_record":4,"minecraft:sleep_in_bed":7,"minecraft:time_since_rest":13686,"minecraft:damage_taken":30713,"minecraft:damage_absorbed":118,"minecraft:damage_dealt":49188,"minecraft:swim_one_cm":123875,"minecraft:fly_one_cm":1539842,"minecraft:open_chest":68,"minecraft:crouch_one_cm":60312,"minecraft:fall_one_cm":211423,"minecraft:inspect_dispenser":1}},"DataVersion":3953}